model,adm_1,validation,wis,wis_baseline,wis_ratio,region
3rd_imdc_emap_epidematicos_prophet_fixed,11,1,1.6099999999999999,1.2252003205128204,1.3140708282920768,North
3rd_imdc_emap_epidematicos_prophet_fixed,11,2,2.55,1.865080128205128,1.3672334831286894,North
3rd_imdc_emap_epidematicos_prophet_fixed,11,3,71.58,80.32,0.8911852589641435,North
3rd_imdc_emap_epidematicos_prophet_fixed,11,4,11.59,10.39,1.1154956689124158,North
3rd_imdc_emap_epidematicos_prophet_fixed,12,1,0.8200000000000001,1.1599759615384615,0.7069112009118227,North
3rd_imdc_emap_epidematicos_prophet_fixed,12,2,2.35,2.002743055555555,1.1733906621127277,North
3rd_imdc_emap_epidematicos_prophet_fixed,12,3,1.34,1.47,0.9115646258503403,North
3rd_imdc_emap_epidematicos_prophet_fixed,12,4,1.155424934797246,1.4099999999999997,0.8194503083668414,North
3rd_imdc_emap_epidematicos_prophet_fixed,13,1,1.62,1.7717414529914524,0.914354629601713,North
3rd_imdc_emap_epidematicos_prophet_fixed,13,2,1.15,1.3039369658119653,0.8819444728939728,North
3rd_imdc_emap_epidematicos_prophet_fixed,13,3,1.05,1.17,0.8974358974358976,North
3rd_imdc_emap_epidematicos_prophet_fixed,13,4,1.05,1.13,0.929203539823009,North
3rd_imdc_emap_epidematicos_prophet_fixed,14,1,0.72,1.317954059829059,0.5463012876893336,North
3rd_imdc_emap_epidematicos_prophet_fixed,14,2,0.49,1.242126068376068,0.39448491781564227,North
3rd_imdc_emap_epidematicos_prophet_fixed,14,3,0.59,1.09,0.5412844036697247,North
3rd_imdc_emap_epidematicos_prophet_fixed,14,4,0.56,0.8000000000000002,0.7,North
3rd_imdc_emap_epidematicos_prophet_fixed,15,1,2.8400000000000003,23.79004006410256,0.11937768882892105,North
3rd_imdc_emap_epidematicos_prophet_fixed,15,2,5.83,15.003442841880336,0.3885774792787056,North
3rd_imdc_emap_epidematicos_prophet_fixed,15,3,3.73,14.24,0.261938202247191,North
3rd_imdc_emap_epidematicos_prophet_fixed,15,4,3.29,13.24,0.2484894259818731,North
3rd_imdc_emap_epidematicos_prophet_fixed,16,1,0.41000000000000003,0.888827457264957,0.4612818794568136,North
3rd_imdc_emap_epidematicos_prophet_fixed,16,2,2.67,2.3766025641025643,1.1234524612272418,North
3rd_imdc_emap_epidematicos_prophet_fixed,16,3,0.56,0.8499999999999999,0.6588235294117649,North
3rd_imdc_emap_epidematicos_prophet_fixed,16,4,0.6,0.84,0.7142857142857143,North
3rd_imdc_emap_epidematicos_prophet_fixed,17,1,50.79,52.92321581196583,0.959692248869663,North
3rd_imdc_emap_epidematicos_prophet_fixed,17,2,7.09,8.458453525641023,0.8382146900148257,North
3rd_imdc_emap_epidematicos_prophet_fixed,17,3,8.32,6.950000000000001,1.1971223021582733,North
3rd_imdc_emap_epidematicos_prophet_fixed,17,4,7.96,7.13,1.1164095371669005,North
3rd_imdc_emap_epidematicos_prophet_fixed,21,1,19.62,20.113413461538457,0.975468437394678,Northeast
3rd_imdc_emap_epidematicos_prophet_fixed,21,2,8.97,17.641650641025638,0.5084558232402742,Northeast
3rd_imdc_emap_epidematicos_prophet_fixed,21,3,9.0,16.4,0.5487804878048781,Northeast
3rd_imdc_emap_epidematicos_prophet_fixed,21,4,9.82,17.33,0.5666474321984998,Northeast
3rd_imdc_emap_epidematicos_prophet_fixed,22,1,33.31,27.82386485042735,1.1971737276278638,Northeast
3rd_imdc_emap_epidematicos_prophet_fixed,22,2,10.76,15.967385149572648,0.6738736430045956,Northeast
3rd_imdc_emap_epidematicos_prophet_fixed,22,3,9.860000000000001,12.8,0.7703125000000001,Northeast
3rd_imdc_emap_epidematicos_prophet_fixed,22,4,9.970000000000002,13.09,0.7616501145912913,Northeast
3rd_imdc_emap_epidematicos_prophet_fixed,23,1,43.11,140.29559561965806,0.30727978173221765,Northeast
3rd_imdc_emap_epidematicos_prophet_fixed,23,2,30.050000000000004,126.20604700854696,0.23810269564947986,Northeast
3rd_imdc_emap_epidematicos_prophet_fixed,23,3,42.519999999999996,103.28,0.411696359411309,Northeast
3rd_imdc_emap_epidematicos_prophet_fixed,23,4,50.85,89.28,0.5695564516129032,Northeast
3rd_imdc_emap_epidematicos_prophet_fixed,24,1,36.29,45.279564636752134,0.8014653031920814,Northeast
3rd_imdc_emap_epidematicos_prophet_fixed,24,2,31.56,40.434692841880334,0.7805178618127563,Northeast
3rd_imdc_emap_epidematicos_prophet_fixed,24,3,27.07,33.58,0.8061346039309113,Northeast
3rd_imdc_emap_epidematicos_prophet_fixed,24,4,28.53,31.309999999999995,0.9112104758862984,Northeast
3rd_imdc_emap_epidematicos_prophet_fixed,25,1,21.91,41.23153044871795,0.5313894430198448,Northeast
3rd_imdc_emap_epidematicos_prophet_fixed,25,2,24.85,34.44782585470085,0.7213807949684841,Northeast
3rd_imdc_emap_epidematicos_prophet_fixed,25,3,24.220000000000002,37.85,0.6398943196829591,Northeast
3rd_imdc_emap_epidematicos_prophet_fixed,25,4,26.559999999999995,35.49,0.748379825302902,Northeast
3rd_imdc_emap_epidematicos_prophet_fixed,26,1,33.04,75.02412660256407,0.4403916646044741,Northeast
3rd_imdc_emap_epidematicos_prophet_fixed,26,2,44.559999999999995,60.17247061965809,0.7405379825877123,Northeast
3rd_imdc_emap_epidematicos_prophet_fixed,26,3,35.62,55.45,0.642380522993688,Northeast
3rd_imdc_emap_epidematicos_prophet_fixed,26,4,43.57,43.14,1.0099675475197032,Northeast
3rd_imdc_emap_epidematicos_prophet_fixed,27,1,15.5,20.10319711538461,0.7710216395449923,Northeast
3rd_imdc_emap_epidematicos_prophet_fixed,27,2,10.610000000000001,21.29944711538461,0.4981349958298396,Northeast
3rd_imdc_emap_epidematicos_prophet_fixed,27,3,29.62,28.32,1.04590395480226,Northeast
3rd_imdc_emap_epidematicos_prophet_fixed,27,4,25.350000000000005,15.83,1.6013897662665828,Northeast
3rd_imdc_emap_epidematicos_prophet_fixed,28,1,11.870000000000001,31.08233974358972,0.3818888828164236,Northeast
3rd_imdc_emap_epidematicos_prophet_fixed,28,2,9.63,25.080961538461523,0.38395657141104605,Northeast
3rd_imdc_emap_epidematicos_prophet_fixed,28,3,13.110000000000001,18.95,0.6918205804749341,Northeast
3rd_imdc_emap_epidematicos_prophet_fixed,28,4,13.9,11.64,1.1941580756013745,Northeast
3rd_imdc_emap_epidematicos_prophet_fixed,29,1,78.61,106.22404647435891,0.7400395918731586,Northeast
3rd_imdc_emap_epidematicos_prophet_fixed,29,2,93.44,137.6355021367521,0.6788946060381988,Northeast
3rd_imdc_emap_epidematicos_prophet_fixed,29,3,81.99,159.66,0.5135287485907554,Northeast
3rd_imdc_emap_epidematicos_prophet_fixed,29,4,81.63,132.83,0.6145449070240155,Northeast
3rd_imdc_emap_epidematicos_prophet_fixed,31,1,1162.9,1449.2163888888897,0.8024336523627037,Southeast
3rd_imdc_emap_epidematicos_prophet_fixed,31,2,1822.13,2524.9519898504286,0.7216493649480987,Southeast
3rd_imdc_emap_epidematicos_prophet_fixed,31,3,323.13,173.3608306623931,1.8639158497646497,Southeast
3rd_imdc_emap_epidematicos_prophet_fixed,31,4,315.61,185.14000000000001,1.7047099492276114,Southeast
3rd_imdc_emap_epidematicos_prophet_fixed,33,1,20.58,104.80596955128202,0.1963628607045147,Southeast
3rd_imdc_emap_epidematicos_prophet_fixed,33,2,30.699999999999996,94.03602297008544,0.32647063359715056,Southeast
3rd_imdc_emap_epidematicos_prophet_fixed,33,3,19.06,74.43,0.25607953782077114,Southeast
3rd_imdc_emap_epidematicos_prophet_fixed,33,4,22.91,73.45,0.31191286589516676,Southeast
3rd_imdc_emap_epidematicos_prophet_fixed,35,1,22.720000000000002,18.247096688034183,1.245129589021085,Southeast
3rd_imdc_emap_epidematicos_prophet_fixed,35,2,113.06,132.5978445512821,0.8526533774557259,Southeast
3rd_imdc_emap_epidematicos_prophet_fixed,35,3,91.51,107.33,0.852604118140315,Southeast
3rd_imdc_emap_epidematicos_prophet_fixed,35,4,30.84,18.96,1.6265822784810127,Southeast
3rd_imdc_emap_epidematicos_prophet_fixed,41,1,40.32,44.32837072649573,0.9095755007278022,South
3rd_imdc_emap_epidematicos_prophet_fixed,41,2,8.67,6.376666666666667,1.3596445373758494,South
3rd_imdc_emap_epidematicos_prophet_fixed,41,3,77.91,111.86,0.6964956195244055,South
3rd_imdc_emap_epidematicos_prophet_fixed,41,4,22.03,7.7700000000000005,2.8352638352638353,South
3rd_imdc_emap_epidematicos_prophet_fixed,42,1,2.71,2.3384855769230763,1.1588696662246485,South
3rd_imdc_emap_epidematicos_prophet_fixed,42,2,3.36,2.9439262820512826,1.141332926875738,South
3rd_imdc_emap_epidematicos_prophet_fixed,42,3,7.450000000000001,8.2296233974359,0.905266212099231,South
3rd_imdc_emap_epidematicos_prophet_fixed,42,4,2.05,2.42,0.8471074380165289,South
3rd_imdc_emap_epidematicos_prophet_fixed,43,1,1.5,1.3393402777777772,1.11995437222928,South
3rd_imdc_emap_epidematicos_prophet_fixed,43,2,2.46,2.460520833333333,0.9997883239490286,South
3rd_imdc_emap_epidematicos_prophet_fixed,43,3,3.45,4.06,0.8497536945812809,South
3rd_imdc_emap_epidematicos_prophet_fixed,43,4,2.05,1.8900000000000001,1.0846560846560844,South
3rd_imdc_emap_epidematicos_prophet_fixed,50,1,88.5,95.30024038461536,0.9286440374423951,Midwest
3rd_imdc_emap_epidematicos_prophet_fixed,50,2,17.89,23.25311965811965,0.7693591338723048,Midwest
3rd_imdc_emap_epidematicos_prophet_fixed,50,3,130.04,196.14,0.6629958193127358,Midwest
3rd_imdc_emap_epidematicos_prophet_fixed,50,4,95.51000000000002,218.64000000000001,0.43683680936699604,Midwest
3rd_imdc_emap_epidematicos_prophet_fixed,51,1,11.400000000000002,10.278603098290592,1.10910012683493,Midwest
3rd_imdc_emap_epidematicos_prophet_fixed,51,2,283.27,303.4515731837608,0.933493265590884,Midwest
3rd_imdc_emap_epidematicos_prophet_fixed,51,3,684.17,817.98,0.8364140932541138,Midwest
3rd_imdc_emap_epidematicos_prophet_fixed,51,4,39.74,47.24,0.8412362404741744,Midwest
3rd_imdc_emap_epidematicos_prophet_fixed,52,1,16.77,17.61483707264957,0.9520383260336058,Midwest
3rd_imdc_emap_epidematicos_prophet_fixed,52,2,138.7,175.59336271367528,0.789893181931745,Midwest
3rd_imdc_emap_epidematicos_prophet_fixed,52,3,74.6,13.5,5.525925925925925,Midwest
3rd_imdc_emap_epidematicos_prophet_fixed,52,4,89.23,189.57,0.470696840217334,Midwest
3rd_imdc_emap_epidematicos_prophet_fixed,53,1,4.76,4.718066239316237,1.0088879126652193,Midwest
3rd_imdc_emap_epidematicos_prophet_fixed,53,2,2.83,2.9785416666666658,0.9501293977757574,Midwest
3rd_imdc_emap_epidematicos_prophet_fixed,53,3,2.13,1.91,1.1151832460732984,Midwest
3rd_imdc_emap_epidematicos_prophet_fixed,53,4,2.7600000000000002,2.7600000000000002,1.0,Midwest
3rd_imdc_emap_epidematicos_sarimax_fixed,11,1,0.91,1.2252003205128204,0.7427356855563914,North
3rd_imdc_emap_epidematicos_sarimax_fixed,11,2,3.2,1.865080128205128,1.7157439788281597,North
3rd_imdc_emap_epidematicos_sarimax_fixed,11,3,83.83,80.32,1.0437001992031874,North
3rd_imdc_emap_epidematicos_sarimax_fixed,11,4,16.66,10.39,1.6034648700673724,North
3rd_imdc_emap_epidematicos_sarimax_fixed,12,1,0.73,1.1599759615384615,0.6293233861775982,North
3rd_imdc_emap_epidematicos_sarimax_fixed,12,2,2.28,2.002743055555555,1.1384385998370292,North
3rd_imdc_emap_epidematicos_sarimax_fixed,12,3,1.4499999999999997,1.47,0.9863945578231291,North
3rd_imdc_emap_epidematicos_sarimax_fixed,12,4,0.89,1.4099999999999997,0.6312056737588654,North
3rd_imdc_emap_epidematicos_sarimax_fixed,13,1,1.8299999999999998,1.7717414529914524,1.03288208158712,North
3rd_imdc_emap_epidematicos_sarimax_fixed,13,2,1.04,1.3039369658119653,0.7975845667910711,North
3rd_imdc_emap_epidematicos_sarimax_fixed,13,3,1.0,1.17,0.8547008547008548,North
3rd_imdc_emap_epidematicos_sarimax_fixed,13,4,0.96,1.13,0.8495575221238939,North
3rd_imdc_emap_epidematicos_sarimax_fixed,14,1,0.49,1.317954059829059,0.3717883763441298,North
3rd_imdc_emap_epidematicos_sarimax_fixed,14,2,0.47,1.242126068376068,0.37838349259867726,North
3rd_imdc_emap_epidematicos_sarimax_fixed,14,3,0.47,1.09,0.4311926605504587,North
3rd_imdc_emap_epidematicos_sarimax_fixed,14,4,0.47000000000000003,0.8000000000000002,0.5874999999999999,North
3rd_imdc_emap_epidematicos_sarimax_fixed,15,1,4.06,23.79004006410256,0.1706596537483871,North
3rd_imdc_emap_epidematicos_sarimax_fixed,15,2,8.14,15.003442841880336,0.5425421408797022,North
3rd_imdc_emap_epidematicos_sarimax_fixed,15,3,4.46,14.24,0.31320224719101125,North
3rd_imdc_emap_epidematicos_sarimax_fixed,15,4,3.36,13.24,0.2537764350453172,North
3rd_imdc_emap_epidematicos_sarimax_fixed,16,1,0.8,0.888827457264957,0.9000622038181728,North
3rd_imdc_emap_epidematicos_sarimax_fixed,16,2,2.8,2.3766025641025643,1.1781523937963585,North
3rd_imdc_emap_epidematicos_sarimax_fixed,16,3,0.77,0.8499999999999999,0.9058823529411766,North
3rd_imdc_emap_epidematicos_sarimax_fixed,16,4,0.73,0.84,0.8690476190476191,North
3rd_imdc_emap_epidematicos_sarimax_fixed,17,1,47.96,52.92321581196583,0.9062185519942714,North
3rd_imdc_emap_epidematicos_sarimax_fixed,17,2,8.79,8.458453525641023,1.0391970557447556,North
3rd_imdc_emap_epidematicos_sarimax_fixed,17,3,5.12,6.950000000000001,0.7366906474820143,North
3rd_imdc_emap_epidematicos_sarimax_fixed,17,4,3.77,7.13,0.5287517531556802,North
3rd_imdc_emap_epidematicos_sarimax_fixed,21,1,21.85,20.113413461538457,1.0863397225827582,Northeast
3rd_imdc_emap_epidematicos_sarimax_fixed,21,2,10.32,17.641650641025638,0.5849792748985093,Northeast
3rd_imdc_emap_epidematicos_sarimax_fixed,21,3,5.1899999999999995,16.4,0.31646341463414634,Northeast
3rd_imdc_emap_epidematicos_sarimax_fixed,21,4,4.78,17.33,0.27582227351413735,Northeast
3rd_imdc_emap_epidematicos_sarimax_fixed,22,1,45.8,27.82386485042735,1.6460689500257026,Northeast
3rd_imdc_emap_epidematicos_sarimax_fixed,22,2,15.57,15.967385149572648,0.9751126971730069,Northeast
3rd_imdc_emap_epidematicos_sarimax_fixed,22,3,6.069999999999999,12.8,0.4742187499999999,Northeast
3rd_imdc_emap_epidematicos_sarimax_fixed,22,4,5.16,13.09,0.3941940412528648,Northeast
3rd_imdc_emap_epidematicos_sarimax_fixed,23,1,41.440000000000005,140.29559561965806,0.29537634319144285,Northeast
3rd_imdc_emap_epidematicos_sarimax_fixed,23,2,28.42,126.20604700854696,0.2251873081649989,Northeast
3rd_imdc_emap_epidematicos_sarimax_fixed,23,3,16.53,103.28,0.16005034856700234,Northeast
3rd_imdc_emap_epidematicos_sarimax_fixed,23,4,13.73,89.28,0.15378584229390682,Northeast
3rd_imdc_emap_epidematicos_sarimax_fixed,24,1,23.490000000000002,45.279564636752134,0.5187770728019288,Northeast
3rd_imdc_emap_epidematicos_sarimax_fixed,24,2,24.92,40.434692841880334,0.6163024434845972,Northeast
3rd_imdc_emap_epidematicos_sarimax_fixed,24,3,16.02,33.58,0.47706968433591423,Northeast
3rd_imdc_emap_epidematicos_sarimax_fixed,24,4,12.629999999999999,31.309999999999995,0.40338549984030664,Northeast
3rd_imdc_emap_epidematicos_sarimax_fixed,25,1,17.93,41.23153044871795,0.4348613744110368,Northeast
3rd_imdc_emap_epidematicos_sarimax_fixed,25,2,14.620000000000001,34.44782585470085,0.42440994858910414,Northeast
3rd_imdc_emap_epidematicos_sarimax_fixed,25,3,11.31,37.85,0.2988110964332893,Northeast
3rd_imdc_emap_epidematicos_sarimax_fixed,25,4,9.46,35.49,0.2665539588616512,Northeast
3rd_imdc_emap_epidematicos_sarimax_fixed,26,1,28.68,75.02412660256407,0.3822770260549733,Northeast
3rd_imdc_emap_epidematicos_sarimax_fixed,26,2,29.740000000000002,60.17247061965809,0.49424595157447415,Northeast
3rd_imdc_emap_epidematicos_sarimax_fixed,26,3,19.25,55.45,0.3471596032461677,Northeast
3rd_imdc_emap_epidematicos_sarimax_fixed,26,4,18.27,43.14,0.4235048678720445,Northeast
3rd_imdc_emap_epidematicos_sarimax_fixed,27,1,8.6,20.10319711538461,0.42779265161851177,Northeast
3rd_imdc_emap_epidematicos_sarimax_fixed,27,2,7.0600000000000005,21.29944711538461,0.331464002880176,Northeast
3rd_imdc_emap_epidematicos_sarimax_fixed,27,3,37.44,28.32,1.3220338983050846,Northeast
3rd_imdc_emap_epidematicos_sarimax_fixed,27,4,36.54,15.83,2.308275426405559,Northeast
3rd_imdc_emap_epidematicos_sarimax_fixed,28,1,9.860000000000001,31.08233974358972,0.3172219363580402,Northeast
3rd_imdc_emap_epidematicos_sarimax_fixed,28,2,5.98,25.080961538461523,0.23842786054393098,Northeast
3rd_imdc_emap_epidematicos_sarimax_fixed,28,3,5.569999999999999,18.95,0.29393139841688654,Northeast
3rd_imdc_emap_epidematicos_sarimax_fixed,28,4,2.83,11.64,0.24312714776632302,Northeast
3rd_imdc_emap_epidematicos_sarimax_fixed,29,1,130.7,106.22404647435891,1.2304181994380081,Northeast
3rd_imdc_emap_epidematicos_sarimax_fixed,29,2,176.8,137.6355021367521,1.2845522939592633,Northeast
3rd_imdc_emap_epidematicos_sarimax_fixed,29,3,31.36,159.66,0.19641738694726293,Northeast
3rd_imdc_emap_epidematicos_sarimax_fixed,29,4,65.57,132.83,0.4936384852819392,Northeast
3rd_imdc_emap_epidematicos_sarimax_fixed,31,1,1642.8300000000002,1449.2163888888897,1.1335988280256433,Southeast
3rd_imdc_emap_epidematicos_sarimax_fixed,31,2,1987.9199999999998,2524.9519898504286,0.7873100193551636,Southeast
3rd_imdc_emap_epidematicos_sarimax_fixed,31,3,227.12,173.3608306623931,1.3100998601137228,Southeast
3rd_imdc_emap_epidematicos_sarimax_fixed,31,4,143.23,185.14000000000001,0.7736307659068812,Southeast
3rd_imdc_emap_epidematicos_sarimax_fixed,33,1,15.09,104.80596955128202,0.1439803483008322,Southeast
3rd_imdc_emap_epidematicos_sarimax_fixed,33,2,27.61,94.03602297008544,0.2936108857855807,Southeast
3rd_imdc_emap_epidematicos_sarimax_fixed,33,3,44.64,74.43,0.5997581620314388,Southeast
3rd_imdc_emap_epidematicos_sarimax_fixed,33,4,22.830000000000002,73.45,0.31082368958475154,Southeast
3rd_imdc_emap_epidematicos_sarimax_fixed,35,1,24.46,18.247096688034183,1.3404872247999884,Southeast
3rd_imdc_emap_epidematicos_sarimax_fixed,35,2,135.21,132.5978445512821,1.0196998334140166,Southeast
3rd_imdc_emap_epidematicos_sarimax_fixed,35,3,85.49,107.33,0.796515419733532,Southeast
3rd_imdc_emap_epidematicos_sarimax_fixed,35,4,24.54,18.96,1.2943037974683542,Southeast
3rd_imdc_emap_epidematicos_sarimax_fixed,41,1,36.08,44.32837072649573,0.8139256960877753,South
3rd_imdc_emap_epidematicos_sarimax_fixed,41,2,29.68,6.376666666666667,4.65446941975954,South
3rd_imdc_emap_epidematicos_sarimax_fixed,41,3,88.64,111.86,0.7924190952976936,South
3rd_imdc_emap_epidematicos_sarimax_fixed,41,4,49.18,7.7700000000000005,6.329472329472329,South
3rd_imdc_emap_epidematicos_sarimax_fixed,42,1,2.24,2.3384855769230763,0.9578848901635472,South
3rd_imdc_emap_epidematicos_sarimax_fixed,42,2,4.49,2.9439262820512826,1.5251740600214476,South
3rd_imdc_emap_epidematicos_sarimax_fixed,42,3,12.07,8.2296233974359,1.466652775843989,South
3rd_imdc_emap_epidematicos_sarimax_fixed,42,4,1.44,2.42,0.5950413223140496,South
3rd_imdc_emap_epidematicos_sarimax_fixed,43,1,2.06,1.3393402777777772,1.538070671194878,South
3rd_imdc_emap_epidematicos_sarimax_fixed,43,2,3.43,2.460520833333333,1.3940138012785237,South
3rd_imdc_emap_epidematicos_sarimax_fixed,43,3,5.89,4.06,1.4507389162561577,South
3rd_imdc_emap_epidematicos_sarimax_fixed,43,4,2.28,1.8900000000000001,1.206349206349206,South
3rd_imdc_emap_epidematicos_sarimax_fixed,50,1,57.07,95.30024038461536,0.5988442397382767,Midwest
3rd_imdc_emap_epidematicos_sarimax_fixed,50,2,62.35000000000001,23.25311965811965,2.681360648235786,Midwest
3rd_imdc_emap_epidematicos_sarimax_fixed,50,3,141.51,196.14,0.7214744570204956,Midwest
3rd_imdc_emap_epidematicos_sarimax_fixed,50,4,213.22999999999996,218.64000000000001,0.9752561287961944,Midwest
3rd_imdc_emap_epidematicos_sarimax_fixed,51,1,2.33,10.278603098290592,0.2266844996074901,Midwest
3rd_imdc_emap_epidematicos_sarimax_fixed,51,2,354.79,303.4515731837608,1.1691816136512507,Midwest
3rd_imdc_emap_epidematicos_sarimax_fixed,51,3,512.58,817.98,0.6266412381720825,Midwest
3rd_imdc_emap_epidematicos_sarimax_fixed,51,4,154.82999999999998,47.24,3.2775190516511428,Midwest
3rd_imdc_emap_epidematicos_sarimax_fixed,52,1,16.95,17.61483707264957,0.9622569842736803,Midwest
3rd_imdc_emap_epidematicos_sarimax_fixed,52,2,146.49,175.59336271367528,0.8342570455744869,Midwest
3rd_imdc_emap_epidematicos_sarimax_fixed,52,3,38.02,13.5,2.8162962962962967,Midwest
3rd_imdc_emap_epidematicos_sarimax_fixed,52,4,194.19,189.57,1.024370944769742,Midwest
3rd_imdc_emap_epidematicos_sarimax_fixed,53,1,5.450000000000001,4.718066239316237,1.1551342697532452,Midwest
3rd_imdc_emap_epidematicos_sarimax_fixed,53,2,3.68,2.9785416666666658,1.2355039518780169,Midwest
3rd_imdc_emap_epidematicos_sarimax_fixed,53,3,1.48,1.91,0.774869109947644,Midwest
3rd_imdc_emap_epidematicos_sarimax_fixed,53,4,2.88,2.7600000000000002,1.0434782608695652,Midwest
3rd_imdc_emap_lstm,11,1,1.27,1.2252003205128204,1.036565187534744,North
3rd_imdc_emap_lstm,11,2,2.3,1.865080128205128,1.2331909847827396,North
3rd_imdc_emap_lstm,11,3,81.01,80.32,1.0085906374501994,North
3rd_imdc_emap_lstm,11,4,10.959999999999999,10.39,1.0548604427333974,North
3rd_imdc_emap_lstm,12,1,0.7899999999999999,1.1599759615384615,0.6810485960004145,North
3rd_imdc_emap_lstm,12,2,2.34,2.002743055555555,1.1683975103590565,North
3rd_imdc_emap_lstm,12,3,2.02,1.47,1.3741496598639455,North
3rd_imdc_emap_lstm,12,4,1.13,1.4099999999999997,0.8014184397163121,North
3rd_imdc_emap_lstm,13,1,2.46,1.7717414529914524,1.3884644375433417,North
3rd_imdc_emap_lstm,13,2,1.32,1.3039369658119653,1.012318873234821,North
3rd_imdc_emap_lstm,13,3,1.4,1.17,1.1965811965811965,North
3rd_imdc_emap_lstm,13,4,0.9400000000000001,1.13,0.8318584070796462,North
3rd_imdc_emap_lstm,14,1,1.8900000000000001,1.317954059829059,1.4340408801845008,North
3rd_imdc_emap_lstm,14,2,2.34,1.242126068376068,1.8838667503849036,North
3rd_imdc_emap_lstm,14,3,1.46,1.09,1.3394495412844036,North
3rd_imdc_emap_lstm,14,4,1.8599999999999999,0.8000000000000002,2.3249999999999993,North
3rd_imdc_emap_lstm,15,1,9.7,23.79004006410256,0.4077336555072303,North
3rd_imdc_emap_lstm,15,2,10.67,15.003442841880336,0.7111701035855555,North
3rd_imdc_emap_lstm,15,3,5.930000000000001,14.24,0.41643258426966295,North
3rd_imdc_emap_lstm,15,4,8.82,13.24,0.6661631419939578,North
3rd_imdc_emap_lstm,16,1,0.83,0.888827457264957,0.9338145364613541,North
3rd_imdc_emap_lstm,16,2,2.26,2.3766025641025643,0.9509372892784894,North
3rd_imdc_emap_lstm,16,3,0.72,0.8499999999999999,0.8470588235294119,North
3rd_imdc_emap_lstm,16,4,0.87,0.84,1.0357142857142858,North
3rd_imdc_emap_lstm,17,1,75.49,52.92321581196583,1.4264061403262622,North
3rd_imdc_emap_lstm,17,2,7.12,8.458453525641023,0.8417614376453539,North
3rd_imdc_emap_lstm,17,3,3.64,6.950000000000001,0.5237410071942445,North
3rd_imdc_emap_lstm,17,4,4.28,7.13,0.600280504908836,North
3rd_imdc_emap_lstm,21,1,17.74,20.113413461538457,0.8819984749939647,Northeast
3rd_imdc_emap_lstm,21,2,18.79,17.641650641025638,1.0650930790061037,Northeast
3rd_imdc_emap_lstm,21,3,22.699999999999996,16.4,1.3841463414634145,Northeast
3rd_imdc_emap_lstm,21,4,27.43,17.33,1.5828043854587421,Northeast
3rd_imdc_emap_lstm,22,1,23.33,27.82386485042735,0.8384888341506471,Northeast
3rd_imdc_emap_lstm,22,2,13.120000000000001,15.967385149572648,0.821674925299284,Northeast
3rd_imdc_emap_lstm,22,3,11.57,12.8,0.90390625,Northeast
3rd_imdc_emap_lstm,22,4,16.33,13.09,1.2475171886936591,Northeast
3rd_imdc_emap_lstm,23,1,104.69,140.29559561965806,0.7462101681639032,Northeast
3rd_imdc_emap_lstm,23,2,131.13,126.20604700854696,1.0390151906993772,Northeast
3rd_imdc_emap_lstm,23,3,147.45,103.28,1.4276723470178154,Northeast
3rd_imdc_emap_lstm,23,4,117.95,89.28,1.3211245519713262,Northeast
3rd_imdc_emap_lstm,24,1,28.9,45.279564636752134,0.6382570201777668,Northeast
3rd_imdc_emap_lstm,24,2,20.79,40.434692841880334,0.5141624317834982,Northeast
3rd_imdc_emap_lstm,24,3,24.990000000000002,33.58,0.7441929720071472,Northeast
3rd_imdc_emap_lstm,24,4,31.75,31.309999999999995,1.0140530182050465,Northeast
3rd_imdc_emap_lstm,25,1,32.51,41.23153044871795,0.7884742488623986,Northeast
3rd_imdc_emap_lstm,25,2,23.25,34.44782585470085,0.674933741771318,Northeast
3rd_imdc_emap_lstm,25,3,31.41,37.85,0.8298546895640687,Northeast
3rd_imdc_emap_lstm,25,4,47.21,35.49,1.3302338686954072,Northeast
3rd_imdc_emap_lstm,26,1,71.11,75.02412660256407,0.9478284282694962,Northeast
3rd_imdc_emap_lstm,26,2,43.0,60.17247061965809,0.7146125056389505,Northeast
3rd_imdc_emap_lstm,26,3,70.59,55.45,1.2730387736699729,Northeast
3rd_imdc_emap_lstm,26,4,66.13,43.14,1.5329160871580898,Northeast
3rd_imdc_emap_lstm,27,1,19.43,20.10319711538461,0.9665129326683354,Northeast
3rd_imdc_emap_lstm,27,2,12.94,21.29944711538461,0.6075275066953933,Northeast
3rd_imdc_emap_lstm,27,3,42.89,28.32,1.5144774011299436,Northeast
3rd_imdc_emap_lstm,27,4,23.559999999999995,15.83,1.4883133291219202,Northeast
3rd_imdc_emap_lstm,28,1,15.05,31.08233974358972,0.4841977831834183,Northeast
3rd_imdc_emap_lstm,28,2,10.55,25.080961538461523,0.42063778072549696,Northeast
3rd_imdc_emap_lstm,28,3,17.02,18.95,0.8981530343007915,Northeast
3rd_imdc_emap_lstm,28,4,16.87,11.64,1.4493127147766323,Northeast
3rd_imdc_emap_lstm,29,1,100.49,106.22404647435891,0.9460193179917784,Northeast
3rd_imdc_emap_lstm,29,2,142.77,137.6355021367521,1.0373050396411994,Northeast
3rd_imdc_emap_lstm,29,3,189.51000000000002,159.66,1.1869597895528,Northeast
3rd_imdc_emap_lstm,29,4,140.44,132.83,1.0572912745614695,Northeast
3rd_imdc_emap_lstm,31,1,1450.38,1449.2163888888897,1.0008029243389958,Southeast
3rd_imdc_emap_lstm,31,2,2267.89,2524.9519898504286,0.8981913355645006,Southeast
3rd_imdc_emap_lstm,31,3,377.37,173.3608306623931,2.1767892929337602,Southeast
3rd_imdc_emap_lstm,31,4,102.48,185.14000000000001,0.553527060602787,Southeast
3rd_imdc_emap_lstm,32,1,34.19,,,Southeast
3rd_imdc_emap_lstm,32,2,210.13,7.515512820512811,27.959502567339385,Southeast
3rd_imdc_emap_lstm,32,3,36.49,30.21,1.2078781860311156,Southeast
3rd_imdc_emap_lstm,32,4,4.47,6.45,0.6930232558139534,Southeast
3rd_imdc_emap_lstm,33,1,82.77,104.80596955128202,0.7897450913757377,Southeast
3rd_imdc_emap_lstm,33,2,62.68,94.03602297008544,0.6665530721130097,Southeast
3rd_imdc_emap_lstm,33,3,169.91,74.43,2.2828160687894665,Southeast
3rd_imdc_emap_lstm,33,4,36.57,73.45,0.4978897208985704,Southeast
3rd_imdc_emap_lstm,35,1,18.27,18.247096688034183,1.0012551756784867,Southeast
3rd_imdc_emap_lstm,35,2,106.89,132.5978445512821,0.8061217010104594,Southeast
3rd_imdc_emap_lstm,35,3,75.92,107.33,0.7073511599739123,Southeast
3rd_imdc_emap_lstm,35,4,26.419999999999998,18.96,1.3934599156118141,Southeast
3rd_imdc_emap_lstm,41,1,42.43,44.32837072649573,0.9571748138859287,South
3rd_imdc_emap_lstm,41,2,8.34,6.376666666666667,1.3078933612127548,South
3rd_imdc_emap_lstm,41,3,92.22,111.86,0.8244233863758269,South
3rd_imdc_emap_lstm,41,4,15.07,7.7700000000000005,1.9395109395109393,South
3rd_imdc_emap_lstm,42,1,4.23,2.3384855769230763,1.8088629845499127,South
3rd_imdc_emap_lstm,42,2,3.8999999999999995,2.9439262820512826,1.3247614329807673,South
3rd_imdc_emap_lstm,42,3,8.09,8.2296233974359,0.9830340477695003,South
3rd_imdc_emap_lstm,42,4,3.91,2.42,1.615702479338843,South
3rd_imdc_emap_lstm,43,1,2.74,1.3393402777777772,2.0457833199388182,South
3rd_imdc_emap_lstm,43,2,2.74,2.460520833333333,1.113585368951357,South
3rd_imdc_emap_lstm,43,3,3.7199999999999998,4.06,0.916256157635468,South
3rd_imdc_emap_lstm,43,4,3.41,1.8900000000000001,1.8042328042328042,South
3rd_imdc_emap_lstm,50,1,79.56,95.30024038461536,0.834835249931265,Midwest
3rd_imdc_emap_lstm,50,2,14.84,23.25311965811965,0.6381939377677476,Midwest
3rd_imdc_emap_lstm,50,3,154.32,196.14,0.7867849495258489,Midwest
3rd_imdc_emap_lstm,50,4,133.23,218.64000000000001,0.6093578485181119,Midwest
3rd_imdc_emap_lstm,51,1,19.52,10.278603098290592,1.8990907434927924,Midwest
3rd_imdc_emap_lstm,51,2,207.51000000000002,303.4515731837608,0.6838323420862229,Midwest
3rd_imdc_emap_lstm,51,3,507.78,817.98,0.6207731240372625,Midwest
3rd_imdc_emap_lstm,51,4,196.56,47.24,4.160880609652836,Midwest
3rd_imdc_emap_lstm,52,1,13.73,17.61483707264957,0.7794565424234591,Midwest
3rd_imdc_emap_lstm,52,2,177.39,175.59336271367528,1.010231806365337,Midwest
3rd_imdc_emap_lstm,52,3,16.96,13.5,1.2562962962962965,Midwest
3rd_imdc_emap_lstm,52,4,123.46000000000001,189.57,0.6512633855567864,Midwest
3rd_imdc_emap_lstm,53,1,7.12,4.718066239316237,1.5090928441546978,Midwest
3rd_imdc_emap_lstm,53,2,5.14,2.9785416666666658,1.7256767153948385,Midwest
3rd_imdc_emap_lstm,53,3,2.64,1.91,1.3821989528795813,Midwest
3rd_imdc_emap_lstm,53,4,4.4,2.7600000000000002,1.5942028985507246,Midwest
3rd_imdc_emap_xgbsillas,11,1,5.77,1.2252003205128204,4.709433962264151,North
3rd_imdc_emap_xgbsillas,11,2,4.82,1.865080128205128,2.5843393681099154,North
3rd_imdc_emap_xgbsillas,11,3,48.63,80.32,0.6054531872509961,North
3rd_imdc_emap_xgbsillas,11,4,14.89,10.39,1.4331087584215592,North
3rd_imdc_emap_xgbsillas,12,1,6.02,1.1599759615384615,5.189762718889234,North
3rd_imdc_emap_xgbsillas,12,2,4.77,2.002743055555555,2.3817333865011534,North
3rd_imdc_emap_xgbsillas,12,3,3.54,1.47,2.4081632653061225,North
3rd_imdc_emap_xgbsillas,12,4,6.5,1.4099999999999997,4.6099290780141855,North
3rd_imdc_emap_xgbsillas,13,1,6.65,1.7717414529914524,3.753369312871229,North
3rd_imdc_emap_xgbsillas,13,2,4.48,1.3039369658119653,3.435748903099999,North
3rd_imdc_emap_xgbsillas,13,3,4.82,1.17,4.11965811965812,North
3rd_imdc_emap_xgbsillas,13,4,7.01,1.13,6.20353982300885,North
3rd_imdc_emap_xgbsillas,14,1,6.37,1.317954059829059,4.833248892473687,North
3rd_imdc_emap_xgbsillas,14,2,5.11,1.242126068376068,4.113914142934555,North
3rd_imdc_emap_xgbsillas,14,3,6.48,1.09,5.944954128440367,North
3rd_imdc_emap_xgbsillas,14,4,10.34,0.8000000000000002,12.924999999999997,North
3rd_imdc_emap_xgbsillas,15,1,7.299999999999999,23.79004006410256,0.306851101567297,North
3rd_imdc_emap_xgbsillas,15,2,8.75,15.003442841880336,0.5831994757613506,North
3rd_imdc_emap_xgbsillas,15,3,11.16,14.24,0.7837078651685393,North
3rd_imdc_emap_xgbsillas,15,4,17.59,13.24,1.3285498489425982,North
3rd_imdc_emap_xgbsillas,16,1,5.84,0.888827457264957,6.570454087872661,North
3rd_imdc_emap_xgbsillas,16,2,4.77,2.3766025641025643,2.0070667565745106,North
3rd_imdc_emap_xgbsillas,16,3,4.82,0.8499999999999999,5.670588235294119,North
3rd_imdc_emap_xgbsillas,16,4,8.69,0.84,10.345238095238095,North
3rd_imdc_emap_xgbsillas,17,1,37.35,52.92321581196583,0.7057394269596754,North
3rd_imdc_emap_xgbsillas,17,2,10.0,8.458453525641023,1.1822492101760589,North
3rd_imdc_emap_xgbsillas,17,3,10.3,6.950000000000001,1.4820143884892085,North
3rd_imdc_emap_xgbsillas,17,4,16.41,7.13,2.3015427769985974,North
3rd_imdc_emap_xgbsillas,21,1,20.52,20.113413461538457,1.020214695990764,Northeast
3rd_imdc_emap_xgbsillas,21,2,17.47,17.641650641025638,0.9902701484958292,Northeast
3rd_imdc_emap_xgbsillas,21,3,10.96,16.4,0.6682926829268294,Northeast
3rd_imdc_emap_xgbsillas,21,4,17.64,17.33,1.0178880553952685,Northeast
3rd_imdc_emap_xgbsillas,22,1,27.61,27.82386485042735,0.9923136181268483,Northeast
3rd_imdc_emap_xgbsillas,22,2,14.67,15.967385149572648,0.9187478013826597,Northeast
3rd_imdc_emap_xgbsillas,22,3,16.02,12.8,1.2515625,Northeast
3rd_imdc_emap_xgbsillas,22,4,21.899999999999995,13.09,1.6730328495034374,Northeast
3rd_imdc_emap_xgbsillas,23,1,22.54,140.29559561965806,0.16066078126291314,Northeast
3rd_imdc_emap_xgbsillas,23,2,20.66,126.20604700854696,0.16370055547814485,Northeast
3rd_imdc_emap_xgbsillas,23,3,25.33,103.28,0.24525561580170407,Northeast
3rd_imdc_emap_xgbsillas,23,4,33.51,89.28,0.3753360215053763,Northeast
3rd_imdc_emap_xgbsillas,24,1,20.21,45.279564636752134,0.4463382137644521,Northeast
3rd_imdc_emap_xgbsillas,24,2,23.17,40.434692841880334,0.5730227775095552,Northeast
3rd_imdc_emap_xgbsillas,24,3,30.25,33.58,0.9008338296605123,Northeast
3rd_imdc_emap_xgbsillas,24,4,40.339999999999996,31.309999999999995,1.2884062599808368,Northeast
3rd_imdc_emap_xgbsillas,25,1,16.28,41.23153044871795,0.3948434565204506,Northeast
3rd_imdc_emap_xgbsillas,25,2,18.97,34.44782585470085,0.5506878744688991,Northeast
3rd_imdc_emap_xgbsillas,25,3,26.04,37.85,0.6879788639365918,Northeast
3rd_imdc_emap_xgbsillas,25,4,22.96,35.49,0.6469428007889546,Northeast
3rd_imdc_emap_xgbsillas,26,1,22.199999999999996,75.02412660256407,0.2959048109630546,Northeast
3rd_imdc_emap_xgbsillas,26,2,27.33,60.17247061965809,0.4541944134677329,Northeast
3rd_imdc_emap_xgbsillas,26,3,41.32,55.45,0.745175834084761,Northeast
3rd_imdc_emap_xgbsillas,26,4,28.23,43.14,0.6543810848400556,Northeast
3rd_imdc_emap_xgbsillas,27,1,15.849999999999998,20.10319711538461,0.7884318055992339,Northeast
3rd_imdc_emap_xgbsillas,27,2,15.2,21.29944711538461,0.7136335472774327,Northeast
3rd_imdc_emap_xgbsillas,27,3,30.91,28.32,1.091454802259887,Northeast
3rd_imdc_emap_xgbsillas,27,4,18.97,15.83,1.1983575489576752,Northeast
3rd_imdc_emap_xgbsillas,28,1,18.11,31.08233974358972,0.5826459703290169,Northeast
3rd_imdc_emap_xgbsillas,28,2,21.35,25.080961538461523,0.851243281373399,Northeast
3rd_imdc_emap_xgbsillas,28,3,15.58,18.95,0.8221635883905013,Northeast
3rd_imdc_emap_xgbsillas,28,4,12.74,11.64,1.0945017182130583,Northeast
3rd_imdc_emap_xgbsillas,29,1,147.6,106.22404647435891,1.3895158855168326,Northeast
3rd_imdc_emap_xgbsillas,29,2,169.56,137.6355021367521,1.2319495868989405,Northeast
3rd_imdc_emap_xgbsillas,29,3,36.42,159.66,0.22810973318301392,Northeast
3rd_imdc_emap_xgbsillas,29,4,53.35,132.83,0.40164119551306177,Northeast
3rd_imdc_emap_xgbsillas,31,1,1615.24,1449.2163888888897,1.1145609533427925,Southeast
3rd_imdc_emap_xgbsillas,31,2,3087.94,2524.9519898504286,1.2229697881039399,Southeast
3rd_imdc_emap_xgbsillas,31,3,153.44,173.3608306623931,0.8850903598795774,Southeast
3rd_imdc_emap_xgbsillas,31,4,126.84,185.14000000000001,0.685103165172302,Southeast
3rd_imdc_emap_xgbsillas,33,1,28.56,104.80596955128202,0.2725035617940204,Southeast
3rd_imdc_emap_xgbsillas,33,2,32.29,94.03602297008544,0.34337904751960885,Southeast
3rd_imdc_emap_xgbsillas,33,3,38.06,74.43,0.5113529490796722,Southeast
3rd_imdc_emap_xgbsillas,33,4,39.70000000000001,73.45,0.5405037440435672,Southeast
3rd_imdc_emap_xgbsillas,35,1,20.75,18.247096688034183,1.137167208282901,Southeast
3rd_imdc_emap_xgbsillas,35,2,96.41,132.5978445512821,0.7270857254599905,Southeast
3rd_imdc_emap_xgbsillas,35,3,81.20000000000002,107.33,0.7565452343240475,Southeast
3rd_imdc_emap_xgbsillas,35,4,31.57,18.96,1.6650843881856539,Southeast
3rd_imdc_emap_xgbsillas,41,1,30.59,44.32837072649573,0.6900772462118916,South
3rd_imdc_emap_xgbsillas,41,2,12.04,6.376666666666667,1.8881338212232095,South
3rd_imdc_emap_xgbsillas,41,3,80.1,111.86,0.7160736635079563,South
3rd_imdc_emap_xgbsillas,41,4,24.0,7.7700000000000005,3.0888030888030884,South
3rd_imdc_emap_xgbsillas,42,1,7.569999999999999,2.3384855769230763,3.2371377761330584,South
3rd_imdc_emap_xgbsillas,42,2,5.700000000000001,2.9439262820512826,1.9361897866641988,South
3rd_imdc_emap_xgbsillas,42,3,8.14,8.2296233974359,0.9891096599312402,South
3rd_imdc_emap_xgbsillas,42,4,10.720000000000002,2.42,4.429752066115704,South
3rd_imdc_emap_xgbsillas,43,1,6.77,1.3393402777777772,5.054727399994817,South
3rd_imdc_emap_xgbsillas,43,2,6.950000000000001,2.460520833333333,2.824605224164939,South
3rd_imdc_emap_xgbsillas,43,3,5.22,4.06,1.2857142857142858,South
3rd_imdc_emap_xgbsillas,43,4,11.61,1.8900000000000001,6.142857142857142,South
3rd_imdc_emap_xgbsillas,50,1,41.559999999999995,95.30024038461536,0.43609543724413485,Midwest
3rd_imdc_emap_xgbsillas,50,2,19.32,23.25311965811965,0.830856258603294,Midwest
3rd_imdc_emap_xgbsillas,50,3,107.32,196.14,0.5471601916998062,Midwest
3rd_imdc_emap_xgbsillas,50,4,159.35,218.64000000000001,0.7288236370289058,Midwest
3rd_imdc_emap_xgbsillas,51,1,11.03,10.278603098290592,1.0731030174551996,Midwest
3rd_imdc_emap_xgbsillas,51,2,323.38,303.4515731837608,1.0656725111264167,Midwest
3rd_imdc_emap_xgbsillas,51,3,703.66,817.98,0.8602410816890388,Midwest
3rd_imdc_emap_xgbsillas,51,4,43.01,47.24,0.9104572396274343,Midwest
3rd_imdc_emap_xgbsillas,52,1,14.77,17.61483707264957,0.8384976789216672,Midwest
3rd_imdc_emap_xgbsillas,52,2,114.97,175.59336271367528,0.654751399615665,Midwest
3rd_imdc_emap_xgbsillas,52,3,19.28,13.5,1.4281481481481482,Midwest
3rd_imdc_emap_xgbsillas,52,4,126.92,189.57,0.6695152186527404,Midwest
3rd_imdc_emap_xgbsillas,53,1,7.63,4.718066239316237,1.6171879776545428,Midwest
3rd_imdc_emap_xgbsillas,53,2,9.02,2.9785416666666658,3.0283276211792693,Midwest
3rd_imdc_emap_xgbsillas,53,3,17.56,1.91,9.193717277486911,Midwest
3rd_imdc_emap_xgbsillas,53,4,15.550000000000002,2.7600000000000002,5.634057971014493,Midwest
3rd_imdc_lncc_ARp26_chikungunya,11,1,0.8231837606837608,1.2252003205128204,0.6718768734399356,North
3rd_imdc_lncc_ARp26_chikungunya,11,2,3.234401709401709,1.865080128205128,1.7341891431304652,North
3rd_imdc_lncc_ARp26_chikungunya,11,3,82.59,80.32,1.0282619521912353,North
3rd_imdc_lncc_ARp26_chikungunya,11,4,17.16,10.39,1.6515880654475457,North
3rd_imdc_lncc_ARp26_chikungunya,12,1,1.0872863247863247,1.1599759615384615,0.9373352214508571,North
3rd_imdc_lncc_ARp26_chikungunya,12,2,2.511217948717949,2.002743055555555,1.2538892304491573,North
3rd_imdc_lncc_ARp26_chikungunya,12,3,2.08,1.47,1.4149659863945578,North
3rd_imdc_lncc_ARp26_chikungunya,12,4,1.23,1.4099999999999997,0.872340425531915,North
3rd_imdc_lncc_ARp26_chikungunya,13,1,2.1500000000000004,1.7717414529914524,1.2134953417553598,North
3rd_imdc_lncc_ARp26_chikungunya,13,2,1.1610042735042734,1.3039369658119653,0.8903837408898924,North
3rd_imdc_lncc_ARp26_chikungunya,13,3,1.79,1.17,1.52991452991453,North
3rd_imdc_lncc_ARp26_chikungunya,13,4,1.01,1.13,0.8938053097345133,North
3rd_imdc_lncc_ARp26_chikungunya,14,1,0.5314102564102565,1.317954059829059,0.4032084824558918,North
3rd_imdc_lncc_ARp26_chikungunya,14,2,0.3888888888888888,1.242126068376068,0.31308326810765247,North
3rd_imdc_lncc_ARp26_chikungunya,14,3,0.45000000000000007,1.09,0.41284403669724773,North
3rd_imdc_lncc_ARp26_chikungunya,14,4,0.4600000000000001,0.8000000000000002,0.575,North
3rd_imdc_lncc_ARp26_chikungunya,15,1,3.2825854700854697,23.79004006410256,0.1379815023951411,North
3rd_imdc_lncc_ARp26_chikungunya,15,2,9.838995726495726,15.003442841880336,0.655782531395483,North
3rd_imdc_lncc_ARp26_chikungunya,15,3,4.8,14.24,0.33707865168539325,North
3rd_imdc_lncc_ARp26_chikungunya,15,4,2.08,13.24,0.15709969788519637,North
3rd_imdc_lncc_ARp26_chikungunya,16,1,0.4278846153846153,0.888827457264957,0.4814034623787101,North
3rd_imdc_lncc_ARp26_chikungunya,16,2,3.083867521367522,2.3766025641025643,1.2975949651607106,North
3rd_imdc_lncc_ARp26_chikungunya,16,3,0.88,0.8499999999999999,1.035294117647059,North
3rd_imdc_lncc_ARp26_chikungunya,16,4,0.33999999999999997,0.84,0.40476190476190477,North
3rd_imdc_lncc_ARp26_chikungunya,17,1,53.96143162393162,52.92321581196583,1.0196173984524017,North
3rd_imdc_lncc_ARp26_chikungunya,17,2,14.521153846153847,8.458453525641023,1.7167622665460427,North
3rd_imdc_lncc_ARp26_chikungunya,17,3,11.49,6.950000000000001,1.6532374100719422,North
3rd_imdc_lncc_ARp26_chikungunya,17,4,47.519999999999996,7.13,6.664796633941093,North
3rd_imdc_lncc_ARp26_chikungunya,21,1,47.04561965811966,20.113413461538457,2.339017181150374,Northeast
3rd_imdc_lncc_ARp26_chikungunya,21,2,19.271688034188035,17.641650641025638,1.0923971019679841,Northeast
3rd_imdc_lncc_ARp26_chikungunya,21,3,3.7199999999999998,16.4,0.22682926829268293,Northeast
3rd_imdc_lncc_ARp26_chikungunya,21,4,10.199999999999998,17.33,0.5885747259088285,Northeast
3rd_imdc_lncc_ARp26_chikungunya,22,1,76.78846153846156,27.82386485042735,2.7598057261725866,Northeast
3rd_imdc_lncc_ARp26_chikungunya,22,2,23.8698717948718,15.967385149572648,1.4949142624965523,Northeast
3rd_imdc_lncc_ARp26_chikungunya,22,3,16.93,12.8,1.3226562499999999,Northeast
3rd_imdc_lncc_ARp26_chikungunya,22,4,30.830000000000002,13.09,2.355233002291826,Northeast
3rd_imdc_lncc_ARp26_chikungunya,23,1,321.13760683760694,140.29559561965806,2.289007045582616,Northeast
3rd_imdc_lncc_ARp26_chikungunya,23,2,125.82019230769232,126.20604700854696,0.9969426607519962,Northeast
3rd_imdc_lncc_ARp26_chikungunya,23,3,130.07,103.28,1.2593919442292796,Northeast
3rd_imdc_lncc_ARp26_chikungunya,23,4,175.12,89.28,1.9614695340501793,Northeast
3rd_imdc_lncc_ARp26_chikungunya,24,1,81.76837606837606,45.279564636752134,1.8058560572379487,Northeast
3rd_imdc_lncc_ARp26_chikungunya,24,2,61.90662393162393,40.434692841880334,1.5310274316589836,Northeast
3rd_imdc_lncc_ARp26_chikungunya,24,3,63.83,33.58,1.9008338296605123,Northeast
3rd_imdc_lncc_ARp26_chikungunya,24,4,109.53999999999999,31.309999999999995,3.4985627595017568,Northeast
3rd_imdc_lncc_ARp26_chikungunya,25,1,113.0011752136752,41.23153044871795,2.740649546206424,Northeast
3rd_imdc_lncc_ARp26_chikungunya,25,2,156.91495726495725,34.44782585470085,4.55514835469781,Northeast
3rd_imdc_lncc_ARp26_chikungunya,25,3,54.8,37.85,1.4478203434610302,Northeast
3rd_imdc_lncc_ARp26_chikungunya,25,4,19.440000000000005,35.49,0.5477599323753171,Northeast
3rd_imdc_lncc_ARp26_chikungunya,26,1,151.30096153846154,75.02412660256407,2.016697406421931,Northeast
3rd_imdc_lncc_ARp26_chikungunya,26,2,90.18194444444444,60.17247061965809,1.4987243089031876,Northeast
3rd_imdc_lncc_ARp26_chikungunya,26,3,220.09999999999997,55.45,3.969341749323714,Northeast
3rd_imdc_lncc_ARp26_chikungunya,26,4,27.98,43.14,0.6485859990727862,Northeast
3rd_imdc_lncc_ARp26_chikungunya,27,1,61.51164529914531,20.10319711538461,3.0597941683649696,Northeast
3rd_imdc_lncc_ARp26_chikungunya,27,2,3.461645299145299,21.29944711538461,0.1625227772529809,Northeast
3rd_imdc_lncc_ARp26_chikungunya,27,3,30.990000000000002,28.32,1.0942796610169492,Northeast
3rd_imdc_lncc_ARp26_chikungunya,27,4,27.03,15.83,1.7075173720783323,Northeast
3rd_imdc_lncc_ARp26_chikungunya,28,1,15.919658119658122,31.08233974358972,0.5121769548555726,Northeast
3rd_imdc_lncc_ARp26_chikungunya,28,2,23.13365384615384,25.080961538461523,0.9223591292813278,Northeast
3rd_imdc_lncc_ARp26_chikungunya,28,3,18.88,18.95,0.9963060686015831,Northeast
3rd_imdc_lncc_ARp26_chikungunya,28,4,3.9699999999999998,11.64,0.3410652920962199,Northeast
3rd_imdc_lncc_ARp26_chikungunya,29,1,89.60651709401708,106.22404647435891,0.8435615104876174,Northeast
3rd_imdc_lncc_ARp26_chikungunya,29,2,90.2428418803419,137.6355021367521,0.6556654386357255,Northeast
3rd_imdc_lncc_ARp26_chikungunya,29,3,91.29999999999998,159.66,0.5718401603407239,Northeast
3rd_imdc_lncc_ARp26_chikungunya,29,4,101.98,132.83,0.7677482496424001,Northeast
3rd_imdc_lncc_ARp26_chikungunya,31,1,1428.419658119658,1449.2163888888897,0.9856496718304597,Southeast
3rd_imdc_lncc_ARp26_chikungunya,31,2,2275.2418803418805,2524.9519898504286,0.9011030267061275,Southeast
3rd_imdc_lncc_ARp26_chikungunya,31,3,125.36,173.3608306623931,0.7231160552300823,Southeast
3rd_imdc_lncc_ARp26_chikungunya,31,4,181.52000000000004,185.14000000000001,0.9804472291239064,Southeast
3rd_imdc_lncc_ARp26_chikungunya,32,1,2.9825854700854686,,,Southeast
3rd_imdc_lncc_ARp26_chikungunya,32,2,4.68707264957265,7.515512820512811,0.6236530708562924,Southeast
3rd_imdc_lncc_ARp26_chikungunya,32,3,48.72,30.21,1.6127110228401191,Southeast
3rd_imdc_lncc_ARp26_chikungunya,32,4,6.05,6.45,0.937984496124031,Southeast
3rd_imdc_lncc_ARp26_chikungunya,33,1,8.19732905982906,104.80596955128202,0.07821433354345404,Southeast
3rd_imdc_lncc_ARp26_chikungunya,33,2,53.3076923076923,94.03602297008544,0.5668858659053504,Southeast
3rd_imdc_lncc_ARp26_chikungunya,33,3,19.63,74.43,0.2637377401585382,Southeast
3rd_imdc_lncc_ARp26_chikungunya,33,4,46.29999999999999,73.45,0.6303607896528249,Southeast
3rd_imdc_lncc_ARp26_chikungunya,35,1,57.31399572649572,18.247096688034183,3.1409926031728794,Southeast
3rd_imdc_lncc_ARp26_chikungunya,35,2,64.97820512820513,132.5978445512821,0.49003967860936737,Southeast
3rd_imdc_lncc_ARp26_chikungunya,35,3,83.11,107.33,0.7743408180378273,Southeast
3rd_imdc_lncc_ARp26_chikungunya,35,4,31.309999999999995,18.96,1.6513713080168773,Southeast
3rd_imdc_lncc_ARp26_chikungunya,41,1,42.90608974358973,44.32837072649573,0.9679148825098624,South
3rd_imdc_lncc_ARp26_chikungunya,41,2,14.613888888888887,6.376666666666667,2.2917755706569083,South
3rd_imdc_lncc_ARp26_chikungunya,41,3,98.11999999999999,111.86,0.8771678884319685,South
3rd_imdc_lncc_ARp26_chikungunya,41,4,32.15,7.7700000000000005,4.1377091377091375,South
3rd_imdc_lncc_ARp26_chikungunya,42,1,5.675641025641027,2.3384855769230763,2.427058384131195,South
3rd_imdc_lncc_ARp26_chikungunya,42,2,4.458867521367522,2.9439262820512826,1.5145989043790362,South
3rd_imdc_lncc_ARp26_chikungunya,42,3,6.59,8.2296233974359,0.8007656829173062,South
3rd_imdc_lncc_ARp26_chikungunya,42,4,5.78,2.42,2.388429752066116,South
3rd_imdc_lncc_ARp26_chikungunya,43,1,3.5745726495726498,1.3393402777777772,2.6689055118267273,South
3rd_imdc_lncc_ARp26_chikungunya,43,2,2.663888888888889,2.460520833333333,1.0826524420360417,South
3rd_imdc_lncc_ARp26_chikungunya,43,3,4.27,4.06,1.0517241379310345,South
3rd_imdc_lncc_ARp26_chikungunya,43,4,7.07,1.8900000000000001,3.7407407407407405,South
3rd_imdc_lncc_ARp26_chikungunya,50,1,93.48055555555554,95.30024038461536,0.9809057687397651,Midwest
3rd_imdc_lncc_ARp26_chikungunya,50,2,21.825641025641023,23.25311965811965,0.9386113066347133,Midwest
3rd_imdc_lncc_ARp26_chikungunya,50,3,200.12,196.14,1.0202916284286734,Midwest
3rd_imdc_lncc_ARp26_chikungunya,50,4,282.64,218.64000000000001,1.292718624222466,Midwest
3rd_imdc_lncc_ARp26_chikungunya,51,1,2.7595085470085468,10.278603098290592,0.2684711648674783,Midwest
3rd_imdc_lncc_ARp26_chikungunya,51,2,372.1676282051282,303.4515731837608,1.2264481752406509,Midwest
3rd_imdc_lncc_ARp26_chikungunya,51,3,505.06,817.98,0.6174478593608645,Midwest
3rd_imdc_lncc_ARp26_chikungunya,51,4,211.94999999999996,47.24,4.486663844199829,Midwest
3rd_imdc_lncc_ARp26_chikungunya,52,1,53.55470085470086,17.61483707264957,3.0403176954645157,Midwest
3rd_imdc_lncc_ARp26_chikungunya,52,2,91.7284188034188,175.59336271367528,0.5223911507007944,Midwest
3rd_imdc_lncc_ARp26_chikungunya,52,3,137.04,13.5,10.15111111111111,Midwest
3rd_imdc_lncc_ARp26_chikungunya,52,4,110.78,189.57,0.5843751648467584,Midwest
3rd_imdc_lncc_ARp26_chikungunya,53,1,7.605662393162394,4.718066239316237,1.6120295916541942,Midwest
3rd_imdc_lncc_ARp26_chikungunya,53,2,5.605769230769231,2.9785416666666658,1.8820516407422758,Midwest
3rd_imdc_lncc_ARp26_chikungunya,53,3,2.8400000000000003,1.91,1.4869109947643981,Midwest
3rd_imdc_lncc_ARp26_chikungunya,53,4,2.9699999999999998,2.7600000000000002,1.076086956521739,Midwest
3rd_imdc_lncc_clidengo26chikungunya,11,1,1.18,1.2252003205128204,0.9631078120401557,North
3rd_imdc_lncc_clidengo26chikungunya,11,2,4.77,1.865080128205128,2.557530868440725,North
3rd_imdc_lncc_clidengo26chikungunya,11,3,88.51,80.32,1.1019671314741037,North
3rd_imdc_lncc_clidengo26chikungunya,11,4,26.91,10.39,2.589990375360924,North
3rd_imdc_lncc_clidengo26chikungunya,12,1,0.57,1.1599759615384615,0.4913894933167547,North
3rd_imdc_lncc_clidengo26chikungunya,12,2,4.1,2.002743055555555,2.047192219005184,North
3rd_imdc_lncc_clidengo26chikungunya,12,3,2.8500000000000005,1.47,1.938775510204082,North
3rd_imdc_lncc_clidengo26chikungunya,12,4,1.43,1.4099999999999997,1.0141843971631208,North
3rd_imdc_lncc_clidengo26chikungunya,13,1,4.68,1.7717414529914524,2.641468929960504,North
3rd_imdc_lncc_clidengo26chikungunya,13,2,2.07,1.3039369658119653,1.587500051209151,North
3rd_imdc_lncc_clidengo26chikungunya,13,3,1.68,1.17,1.435897435897436,North
3rd_imdc_lncc_clidengo26chikungunya,13,4,1.01,1.13,0.8938053097345133,North
3rd_imdc_lncc_clidengo26chikungunya,14,1,1.21,1.317954059829059,0.9180896640334634,North
3rd_imdc_lncc_clidengo26chikungunya,14,2,1.04,1.242126068376068,0.8372741112821795,North
3rd_imdc_lncc_clidengo26chikungunya,14,3,0.84,1.09,0.7706422018348623,North
3rd_imdc_lncc_clidengo26chikungunya,14,4,0.91,0.8000000000000002,1.1374999999999997,North
3rd_imdc_lncc_clidengo26chikungunya,15,1,5.67,23.79004006410256,0.23833503368309236,North
3rd_imdc_lncc_clidengo26chikungunya,15,2,7.88,15.003442841880336,0.5252127850285078,North
3rd_imdc_lncc_clidengo26chikungunya,15,3,3.3500000000000005,14.24,0.23525280898876408,North
3rd_imdc_lncc_clidengo26chikungunya,15,4,4.06,13.24,0.30664652567975825,North
3rd_imdc_lncc_clidengo26chikungunya,16,1,0.78,0.888827457264957,0.8775606487227184,North
3rd_imdc_lncc_clidengo26chikungunya,16,2,4.25,2.3766025641025643,1.7882670262980442,North
3rd_imdc_lncc_clidengo26chikungunya,16,3,0.62,0.8499999999999999,0.7294117647058824,North
3rd_imdc_lncc_clidengo26chikungunya,16,4,0.64,0.84,0.761904761904762,North
3rd_imdc_lncc_clidengo26chikungunya,17,1,91.18,52.92321581196583,1.722873385547074,North
3rd_imdc_lncc_clidengo26chikungunya,17,2,10.41,8.458453525641023,1.2307214277932774,North
3rd_imdc_lncc_clidengo26chikungunya,17,3,4.64,6.950000000000001,0.6676258992805754,North
3rd_imdc_lncc_clidengo26chikungunya,17,4,4.31,7.13,0.6044880785413744,North
3rd_imdc_lncc_clidengo26chikungunya,21,1,38.72,20.113413461538457,1.9250834809338395,Northeast
3rd_imdc_lncc_clidengo26chikungunya,21,2,10.31,17.641650641025638,0.5844124345158558,Northeast
3rd_imdc_lncc_clidengo26chikungunya,21,3,5.5600000000000005,16.4,0.3390243902439025,Northeast
3rd_imdc_lncc_clidengo26chikungunya,21,4,7.62,17.33,0.43969994229659554,Northeast
3rd_imdc_lncc_clidengo26chikungunya,22,1,80.53,27.82386485042735,2.8942780031783806,Northeast
3rd_imdc_lncc_clidengo26chikungunya,22,2,6.71,15.967385149572648,0.42023161194803316,Northeast
3rd_imdc_lncc_clidengo26chikungunya,22,3,5.76,12.8,0.44999999999999996,Northeast
3rd_imdc_lncc_clidengo26chikungunya,22,4,4.5,13.09,0.3437738731856379,Northeast
3rd_imdc_lncc_clidengo26chikungunya,23,1,29.44,140.29559561965806,0.20984265307809066,Northeast
3rd_imdc_lncc_clidengo26chikungunya,23,2,34.64,126.20604700854696,0.2744717929217298,Northeast
3rd_imdc_lncc_clidengo26chikungunya,23,3,23.73,103.28,0.22976374903175834,Northeast
3rd_imdc_lncc_clidengo26chikungunya,23,4,10.26,89.28,0.11491935483870967,Northeast
3rd_imdc_lncc_clidengo26chikungunya,24,1,14.48,45.279564636752134,0.3197910606288603,Northeast
3rd_imdc_lncc_clidengo26chikungunya,24,2,32.92,40.434692841880334,0.814152345084789,Northeast
3rd_imdc_lncc_clidengo26chikungunya,24,3,24.87,33.58,0.7406194163192377,Northeast
3rd_imdc_lncc_clidengo26chikungunya,24,4,9.98,31.309999999999995,0.3187480038326414,Northeast
3rd_imdc_lncc_clidengo26chikungunya,25,1,9.1,41.23153044871795,0.22070488048747544,Northeast
3rd_imdc_lncc_clidengo26chikungunya,25,2,10.52,34.44782585470085,0.3053893747713663,Northeast
3rd_imdc_lncc_clidengo26chikungunya,25,3,8.76,37.85,0.23143989431968295,Northeast
3rd_imdc_lncc_clidengo26chikungunya,25,4,12.68,35.49,0.3572837418991265,Northeast
3rd_imdc_lncc_clidengo26chikungunya,26,1,14.09,75.02412660256407,0.18780625164276757,Northeast
3rd_imdc_lncc_clidengo26chikungunya,26,2,26.04,60.17247061965809,0.4327560382985644,Northeast
3rd_imdc_lncc_clidengo26chikungunya,26,3,17.85,55.45,0.3219116321009919,Northeast
3rd_imdc_lncc_clidengo26chikungunya,26,4,31.16,43.14,0.7222994900324525,Northeast
3rd_imdc_lncc_clidengo26chikungunya,27,1,8.62,20.10319711538461,0.42878751825018274,Northeast
3rd_imdc_lncc_clidengo26chikungunya,27,2,8.04,21.29944711538461,0.37747458684937885,Northeast
3rd_imdc_lncc_clidengo26chikungunya,27,3,57.64,28.32,2.035310734463277,Northeast
3rd_imdc_lncc_clidengo26chikungunya,27,4,25.12,15.83,1.5868603916614024,Northeast
3rd_imdc_lncc_clidengo26chikungunya,28,1,13.34,31.08233974358972,0.4291826197785249,Northeast
3rd_imdc_lncc_clidengo26chikungunya,28,2,6.0600000000000005,25.080961538461523,0.24161753091910063,Northeast
3rd_imdc_lncc_clidengo26chikungunya,28,3,1.41,18.95,0.07440633245382586,Northeast
3rd_imdc_lncc_clidengo26chikungunya,28,4,6.83,11.64,0.5867697594501718,Northeast
3rd_imdc_lncc_clidengo26chikungunya,29,1,237.55,106.22404647435891,2.2363109661553087,Northeast
3rd_imdc_lncc_clidengo26chikungunya,29,2,293.41,137.6355021367521,2.131790093725042,Northeast
3rd_imdc_lncc_clidengo26chikungunya,29,3,22.800000000000004,159.66,0.14280345734686212,Northeast
3rd_imdc_lncc_clidengo26chikungunya,29,4,91.2,132.83,0.6865918843634721,Northeast
3rd_imdc_lncc_clidengo26chikungunya,31,1,1865.1699999999998,1449.2163888888897,1.287019670975444,Southeast
3rd_imdc_lncc_clidengo26chikungunya,31,2,3436.26,2524.9519898504286,1.3609209259474098,Southeast
3rd_imdc_lncc_clidengo26chikungunya,31,3,289.46,173.3608306623931,1.6696966603932641,Southeast
3rd_imdc_lncc_clidengo26chikungunya,31,4,251.22,185.14000000000001,1.3569190882575348,Southeast
3rd_imdc_lncc_clidengo26chikungunya,32,1,38.86,,,Southeast
3rd_imdc_lncc_clidengo26chikungunya,32,2,265.35,7.515512820512811,35.30697190426644,Southeast
3rd_imdc_lncc_clidengo26chikungunya,32,3,53.34,30.21,1.7656405163853028,Southeast
3rd_imdc_lncc_clidengo26chikungunya,32,4,4.18,6.45,0.6480620155038759,Southeast
3rd_imdc_lncc_clidengo26chikungunya,33,1,35.09,104.80596955128202,0.33480917308656083,Southeast
3rd_imdc_lncc_clidengo26chikungunya,33,2,25.509999999999998,94.03602297008544,0.27127901834082446,Southeast
3rd_imdc_lncc_clidengo26chikungunya,33,3,17.72,74.43,0.23807604460566972,Southeast
3rd_imdc_lncc_clidengo26chikungunya,33,4,29.47,73.45,0.4012253233492171,Southeast
3rd_imdc_lncc_clidengo26chikungunya,35,1,39.06,18.247096688034183,2.1406145135195236,Southeast
3rd_imdc_lncc_clidengo26chikungunya,35,2,214.67000000000002,132.5978445512821,1.6189554266621324,Southeast
3rd_imdc_lncc_clidengo26chikungunya,35,3,182.12,107.33,1.6968228826982206,Southeast
3rd_imdc_lncc_clidengo26chikungunya,35,4,24.59,18.96,1.2969409282700421,Southeast
3rd_imdc_lncc_clidengo26chikungunya,41,1,55.519999999999996,44.32837072649573,1.2524710267958228,South
3rd_imdc_lncc_clidengo26chikungunya,41,2,19.96,6.376666666666667,3.13016204913748,South
3rd_imdc_lncc_clidengo26chikungunya,41,3,141.46,111.86,1.264616484891829,South
3rd_imdc_lncc_clidengo26chikungunya,41,4,6.7700000000000005,7.7700000000000005,0.8712998712998713,South
3rd_imdc_lncc_clidengo26chikungunya,42,1,4.9399999999999995,2.3384855769230763,2.112478284557108,South
3rd_imdc_lncc_clidengo26chikungunya,42,2,7.16,2.9439262820512826,2.4321261179852036,South
3rd_imdc_lncc_clidengo26chikungunya,42,3,15.95,8.2296233974359,1.9381202795949977,South
3rd_imdc_lncc_clidengo26chikungunya,42,4,1.8999999999999997,2.42,0.7851239669421487,South
3rd_imdc_lncc_clidengo26chikungunya,43,1,3.27,1.3393402777777772,2.4415005314598304,South
3rd_imdc_lncc_clidengo26chikungunya,43,2,7.22,2.460520833333333,2.9343380889886124,South
3rd_imdc_lncc_clidengo26chikungunya,43,3,9.69,4.06,2.386699507389163,South
3rd_imdc_lncc_clidengo26chikungunya,43,4,1.49,1.8900000000000001,0.7883597883597883,South
3rd_imdc_lncc_clidengo26chikungunya,50,1,95.03,95.30024038461536,0.9971643263067888,Midwest
3rd_imdc_lncc_clidengo26chikungunya,50,2,46.89,23.25311965811965,2.016503621423833,Midwest
3rd_imdc_lncc_clidengo26chikungunya,50,3,241.56,196.14,1.2315692872438055,Midwest
3rd_imdc_lncc_clidengo26chikungunya,50,4,333.15999999999997,218.64000000000001,1.5237833882180751,Midwest
3rd_imdc_lncc_clidengo26chikungunya,51,1,4.29,10.278603098290592,0.41737188983525,Midwest
3rd_imdc_lncc_clidengo26chikungunya,51,2,369.79,303.4515731837608,1.2186128947041799,Midwest
3rd_imdc_lncc_clidengo26chikungunya,51,3,993.49,817.98,1.2145651482921342,Midwest
3rd_imdc_lncc_clidengo26chikungunya,51,4,11.02,47.24,0.23327688399661303,Midwest
3rd_imdc_lncc_clidengo26chikungunya,52,1,41.019999999999996,17.61483707264957,2.3287186722658624,Midwest
3rd_imdc_lncc_clidengo26chikungunya,52,2,224.21,175.59336271367528,1.2768705863079781,Midwest
3rd_imdc_lncc_clidengo26chikungunya,52,3,37.19,13.5,2.754814814814815,Midwest
3rd_imdc_lncc_clidengo26chikungunya,52,4,278.69,189.57,1.4701165796275781,Midwest
3rd_imdc_lncc_clidengo26chikungunya,53,1,12.8,4.718066239316237,2.7129758996039515,Midwest
3rd_imdc_lncc_clidengo26chikungunya,53,2,6.46,2.9785416666666658,2.1688466111771705,Midwest
3rd_imdc_lncc_clidengo26chikungunya,53,3,2.63,1.91,1.3769633507853403,Midwest
3rd_imdc_lncc_clidengo26chikungunya,53,4,6.74,2.7600000000000002,2.442028985507246,Midwest
3rd_imdc_lncc_surge_model26_chikungunya,11,1,3.7,1.2252003205128204,3.019914325888624,North
3rd_imdc_lncc_surge_model26_chikungunya,11,2,23.86,1.865080128205128,12.793016042137465,North
3rd_imdc_lncc_surge_model26_chikungunya,11,3,44.3,80.32,0.5515438247011952,North
3rd_imdc_lncc_surge_model26_chikungunya,11,4,14.199999999999998,10.39,1.3666987487969198,North
3rd_imdc_lncc_surge_model26_chikungunya,12,1,2.54,1.1599759615384615,2.18970054916589,North
3rd_imdc_lncc_surge_model26_chikungunya,12,2,2.94,2.002743055555555,1.4679866155793273,North
3rd_imdc_lncc_surge_model26_chikungunya,12,3,2.73,1.47,1.8571428571428572,North
3rd_imdc_lncc_surge_model26_chikungunya,12,4,2.4300000000000006,1.4099999999999997,1.7234042553191498,North
3rd_imdc_lncc_surge_model26_chikungunya,13,1,2.0,1.7717414529914524,1.1288328760514974,North
3rd_imdc_lncc_surge_model26_chikungunya,13,2,3.58,1.3039369658119653,2.7455314895308023,North
3rd_imdc_lncc_surge_model26_chikungunya,13,3,3.1499999999999995,1.17,2.692307692307692,North
3rd_imdc_lncc_surge_model26_chikungunya,13,4,5.07,1.13,4.486725663716815,North
3rd_imdc_lncc_surge_model26_chikungunya,14,1,10.56,1.317954059829059,8.012418886110227,North
3rd_imdc_lncc_surge_model26_chikungunya,14,2,5.77,1.242126068376068,4.645261175094399,North
3rd_imdc_lncc_surge_model26_chikungunya,14,3,5.64,1.09,5.174311926605504,North
3rd_imdc_lncc_surge_model26_chikungunya,14,4,7.650000000000001,0.8000000000000002,9.5625,North
3rd_imdc_lncc_surge_model26_chikungunya,15,1,55.64999999999999,23.79004006410256,2.3392142194822023,North
3rd_imdc_lncc_surge_model26_chikungunya,15,2,43.730000000000004,15.003442841880336,2.9146643514335846,North
3rd_imdc_lncc_surge_model26_chikungunya,15,3,51.59,14.24,3.6228932584269664,North
3rd_imdc_lncc_surge_model26_chikungunya,15,4,63.81,13.24,4.819486404833837,North
3rd_imdc_lncc_surge_model26_chikungunya,16,1,3.08,0.888827457264957,3.465239484699965,North
3rd_imdc_lncc_surge_model26_chikungunya,16,2,3.1499999999999995,2.3766025641025643,1.3254214430209033,North
3rd_imdc_lncc_surge_model26_chikungunya,16,3,2.63,0.8499999999999999,3.094117647058824,North
3rd_imdc_lncc_surge_model26_chikungunya,16,4,3.6,0.84,4.285714285714286,North
3rd_imdc_lncc_surge_model26_chikungunya,17,1,37.05,52.92321581196583,0.7000708371848988,North
3rd_imdc_lncc_surge_model26_chikungunya,17,2,19.0,8.458453525641023,2.246273499334512,North
3rd_imdc_lncc_surge_model26_chikungunya,17,3,16.91,6.950000000000001,2.4330935251798556,North
3rd_imdc_lncc_surge_model26_chikungunya,17,4,23.39,7.13,3.280504908835905,North
3rd_imdc_lncc_surge_model26_chikungunya,21,1,38.01,20.113413461538457,1.8897836547080382,Northeast
3rd_imdc_lncc_surge_model26_chikungunya,21,2,32.57,17.641650641025638,1.8461991263027566,Northeast
3rd_imdc_lncc_surge_model26_chikungunya,21,3,39.05,16.4,2.38109756097561,Northeast
3rd_imdc_lncc_surge_model26_chikungunya,21,4,38.38,17.33,2.21465666474322,Northeast
3rd_imdc_lncc_surge_model26_chikungunya,22,1,25.18,27.82386485042735,0.9049785188132575,Northeast
3rd_imdc_lncc_surge_model26_chikungunya,22,2,27.240000000000002,15.967385149572648,1.7059775125878425,Northeast
3rd_imdc_lncc_surge_model26_chikungunya,22,3,31.48,12.8,2.459375,Northeast
3rd_imdc_lncc_surge_model26_chikungunya,22,4,43.08,13.09,3.2910618792971733,Northeast
3rd_imdc_lncc_surge_model26_chikungunya,23,1,640.3500000000001,140.29559561965806,4.564291538673756,Northeast
3rd_imdc_lncc_surge_model26_chikungunya,23,2,698.23,126.20604700854696,5.532460738214186,Northeast
3rd_imdc_lncc_surge_model26_chikungunya,23,3,708.91,103.28,6.863962044926414,Northeast
3rd_imdc_lncc_surge_model26_chikungunya,23,4,906.0600000000001,89.28,10.148521505376344,Northeast
3rd_imdc_lncc_surge_model26_chikungunya,24,1,102.28,45.279564636752134,2.2588556409613143,Northeast
3rd_imdc_lncc_surge_model26_chikungunya,24,2,100.04999999999998,40.434692841880334,2.474360331887397,Northeast
3rd_imdc_lncc_surge_model26_chikungunya,24,3,126.1,33.58,3.755211435378201,Northeast
3rd_imdc_lncc_surge_model26_chikungunya,24,4,168.82,31.309999999999995,5.39188757585436,Northeast
3rd_imdc_lncc_surge_model26_chikungunya,25,1,148.79,41.23153044871795,3.6086460623880736,Northeast
3rd_imdc_lncc_surge_model26_chikungunya,25,2,162.32,34.44782585470085,4.712053546852488,Northeast
3rd_imdc_lncc_surge_model26_chikungunya,25,3,181.69,37.85,4.800264200792602,Northeast
3rd_imdc_lncc_surge_model26_chikungunya,25,4,237.60999999999999,35.49,6.695125387433079,Northeast
3rd_imdc_lncc_surge_model26_chikungunya,26,1,291.84,75.02412660256407,3.8899486500656697,Northeast
3rd_imdc_lncc_surge_model26_chikungunya,26,2,265.13,60.17247061965809,4.406167758605929,Northeast
3rd_imdc_lncc_surge_model26_chikungunya,26,3,314.72,55.45,5.675743913435528,Northeast
3rd_imdc_lncc_surge_model26_chikungunya,26,4,376.44,43.14,8.726008344923505,Northeast
3rd_imdc_lncc_surge_model26_chikungunya,27,1,36.16,20.10319711538461,1.7987188700610914,Northeast
3rd_imdc_lncc_surge_model26_chikungunya,27,2,38.19,21.29944711538461,1.7930042875345495,Northeast
3rd_imdc_lncc_surge_model26_chikungunya,27,3,66.68,28.32,2.3545197740112997,Northeast
3rd_imdc_lncc_surge_model26_chikungunya,27,4,47.14,15.83,2.9778900821225522,Northeast
3rd_imdc_lncc_surge_model26_chikungunya,28,1,21.52,31.08233974358972,0.6923545710370207,Northeast
3rd_imdc_lncc_surge_model26_chikungunya,28,2,46.16,25.080961538461523,1.840439806472885,Northeast
3rd_imdc_lncc_surge_model26_chikungunya,28,3,53.78,18.95,2.837994722955145,Northeast
3rd_imdc_lncc_surge_model26_chikungunya,28,4,41.21,11.64,3.540378006872852,Northeast
3rd_imdc_lncc_surge_model26_chikungunya,29,1,392.75,106.22404647435891,3.697373740086287,Northeast
3rd_imdc_lncc_surge_model26_chikungunya,29,2,322.92,137.6355021367521,2.346196983966772,Northeast
3rd_imdc_lncc_surge_model26_chikungunya,29,3,349.94999999999993,159.66,2.19184517098835,Northeast
3rd_imdc_lncc_surge_model26_chikungunya,29,4,391.92,132.83,2.950538282014605,Northeast
3rd_imdc_lncc_surge_model26_chikungunya,31,1,1560.74,1449.2163888888897,1.0769544230703982,Southeast
3rd_imdc_lncc_surge_model26_chikungunya,31,2,2326.96,2524.9519898504286,0.9215858397916876,Southeast
3rd_imdc_lncc_surge_model26_chikungunya,31,3,288.04,173.3608306623931,1.6615056521097074,Southeast
3rd_imdc_lncc_surge_model26_chikungunya,31,4,283.01,185.14000000000001,1.528626984984336,Southeast
3rd_imdc_lncc_surge_model26_chikungunya,32,1,55.55,,,Southeast
3rd_imdc_lncc_surge_model26_chikungunya,32,2,244.82999999999998,7.515512820512811,32.576619300250805,Southeast
3rd_imdc_lncc_surge_model26_chikungunya,32,3,42.14,30.21,1.3949023502151605,Southeast
3rd_imdc_lncc_surge_model26_chikungunya,32,4,13.209999999999999,6.45,2.048062015503876,Southeast
3rd_imdc_lncc_surge_model26_chikungunya,33,1,554.14,104.80596955128202,5.287294248338181,Southeast
3rd_imdc_lncc_surge_model26_chikungunya,33,2,257.23,94.03602297008544,2.7354410775307834,Southeast
3rd_imdc_lncc_surge_model26_chikungunya,33,3,288.86,74.43,3.880961977697165,Southeast
3rd_imdc_lncc_surge_model26_chikungunya,33,4,357.37,73.45,4.865486725663716,Southeast
3rd_imdc_lncc_surge_model26_chikungunya,35,1,66.16,18.247096688034183,3.6257822891564686,Southeast
3rd_imdc_lncc_surge_model26_chikungunya,35,2,74.51,132.5978445512821,0.5619246696818162,Southeast
3rd_imdc_lncc_surge_model26_chikungunya,35,3,90.18,107.33,0.8402124289574211,Southeast
3rd_imdc_lncc_surge_model26_chikungunya,35,4,68.47,18.96,3.6112869198312234,Southeast
3rd_imdc_lncc_surge_model26_chikungunya,41,1,22.550000000000004,44.32837072649573,0.5087035600548597,South
3rd_imdc_lncc_surge_model26_chikungunya,41,2,10.110000000000001,6.376666666666667,1.5854678515420806,South
3rd_imdc_lncc_surge_model26_chikungunya,41,3,68.57,111.86,0.6129983908457,South
3rd_imdc_lncc_surge_model26_chikungunya,41,4,23.0,7.7700000000000005,2.96010296010296,South
3rd_imdc_lncc_surge_model26_chikungunya,42,1,7.66,2.3384855769230763,3.2756242226128442,South
3rd_imdc_lncc_surge_model26_chikungunya,42,2,2.15,2.9439262820512826,0.7303172002329872,South
3rd_imdc_lncc_surge_model26_chikungunya,42,3,5.88,8.2296233974359,0.7144919902206011,South
3rd_imdc_lncc_surge_model26_chikungunya,42,4,7.66,2.42,3.1652892561983474,South
3rd_imdc_lncc_surge_model26_chikungunya,43,1,2.86,1.3393402777777772,2.1353796697171603,South
3rd_imdc_lncc_surge_model26_chikungunya,43,2,1.79,2.460520833333333,0.7274882519791712,South
3rd_imdc_lncc_surge_model26_chikungunya,43,3,3.95,4.06,0.9729064039408868,South
3rd_imdc_lncc_surge_model26_chikungunya,43,4,4.84,1.8900000000000001,2.5608465608465605,South
3rd_imdc_lncc_surge_model26_chikungunya,50,1,89.92,95.30024038461536,0.9435443146533352,Midwest
3rd_imdc_lncc_surge_model26_chikungunya,50,2,16.06,23.25311965811965,0.6906600162095704,Midwest
3rd_imdc_lncc_surge_model26_chikungunya,50,3,95.86,196.14,0.48873253798307337,Midwest
3rd_imdc_lncc_surge_model26_chikungunya,50,4,113.98999999999998,218.64000000000001,0.521359312111233,Midwest
3rd_imdc_lncc_surge_model26_chikungunya,51,1,40.43,10.278603098290592,3.933413870871598,Midwest
3rd_imdc_lncc_surge_model26_chikungunya,51,2,161.98,303.4515731837608,0.5337919269968984,Midwest
3rd_imdc_lncc_surge_model26_chikungunya,51,3,595.7,817.98,0.7282574146067141,Midwest
3rd_imdc_lncc_surge_model26_chikungunya,51,4,130.62,47.24,2.765029635901778,Midwest
3rd_imdc_lncc_surge_model26_chikungunya,52,1,14.96,17.61483707264957,0.8492840403973014,Midwest
3rd_imdc_lncc_surge_model26_chikungunya,52,2,122.24,175.59336271367528,0.6961538756981723,Midwest
3rd_imdc_lncc_surge_model26_chikungunya,52,3,21.08,13.5,1.5614814814814812,Midwest
3rd_imdc_lncc_surge_model26_chikungunya,52,4,107.83,189.57,0.568813630848763,Midwest
3rd_imdc_lncc_surge_model26_chikungunya,53,1,4.39,4.718066239316237,0.9304659530672925,Midwest
3rd_imdc_lncc_surge_model26_chikungunya,53,2,4.73,2.9785416666666658,1.58802545988669,Midwest
3rd_imdc_lncc_surge_model26_chikungunya,53,3,6.62,1.91,3.4659685863874348,Midwest
3rd_imdc_lncc_surge_model26_chikungunya,53,4,7.03,2.7600000000000002,2.5471014492753623,Midwest
3rd_imdc_nus_nus-cerm,11,1,1.3787884283960683,1.2252003205128204,1.1253575479142561,North
3rd_imdc_nus_nus-cerm,11,2,2.3567199013427484,1.865080128205128,1.263602493910411,North
3rd_imdc_nus_nus-cerm,11,3,77.02,80.32,0.958914342629482,North
3rd_imdc_nus_nus-cerm,11,4,8.81,10.39,0.8479307025986526,North
3rd_imdc_nus_nus-cerm,12,1,0.9709542577912507,1.1599759615384615,0.8370468785434884,North
3rd_imdc_nus_nus-cerm,12,2,2.0081593835566114,2.002743055555555,1.0027044547656934,North
3rd_imdc_nus_nus-cerm,12,3,1.35,1.47,0.9183673469387756,North
3rd_imdc_nus_nus-cerm,12,4,1.22,1.4099999999999997,0.8652482269503547,North
3rd_imdc_nus_nus-cerm,13,1,2.66683736800388,1.7717414529914524,1.5052068480427125,North
3rd_imdc_nus_nus-cerm,13,2,2.5905253589083506,1.3039369658119653,1.9866952366790391,North
3rd_imdc_nus_nus-cerm,13,3,2.48,1.17,2.1196581196581197,North
3rd_imdc_nus_nus-cerm,13,4,2.62,1.13,2.3185840707964607,North
3rd_imdc_nus_nus-cerm,14,1,1.8288444373841541,1.317954059829059,1.3876389876756086,North
3rd_imdc_nus_nus-cerm,14,2,1.619752616483176,1.242126068376068,1.3040162812143616,North
3rd_imdc_nus_nus-cerm,14,3,1.28,1.09,1.1743119266055044,North
3rd_imdc_nus_nus-cerm,14,4,1.18,0.8000000000000002,1.4749999999999996,North
3rd_imdc_nus_nus-cerm,15,1,13.182815143164095,23.79004006410256,0.554131691566842,North
3rd_imdc_nus_nus-cerm,15,2,11.93846191642805,15.003442841880336,0.7957148264065929,North
3rd_imdc_nus_nus-cerm,15,3,12.69,14.24,0.8911516853932584,North
3rd_imdc_nus_nus-cerm,15,4,12.75,13.24,0.9629909365558912,North
3rd_imdc_nus_nus-cerm,16,1,1.0069496176767656,0.888827457264957,1.1328966150250201,North
3rd_imdc_nus_nus-cerm,16,2,2.2873129632381484,2.3766025641025643,0.9624297296430239,North
3rd_imdc_nus_nus-cerm,16,3,1.13,0.8499999999999999,1.3294117647058825,North
3rd_imdc_nus_nus-cerm,16,4,0.96,0.84,1.1428571428571428,North
3rd_imdc_nus_nus-cerm,17,1,51.58886893118043,52.92321581196583,0.9747871163852497,North
3rd_imdc_nus_nus-cerm,17,2,6.314626896200634,8.458453525641023,0.7465462660589698,North
3rd_imdc_nus_nus-cerm,17,3,4.13,6.950000000000001,0.5942446043165467,North
3rd_imdc_nus_nus-cerm,17,4,4.3,7.13,0.603085553997195,North
3rd_imdc_nus_nus-cerm,21,1,22.58108835722306,20.113413461538457,1.1226880211259702,Northeast
3rd_imdc_nus_nus-cerm,21,2,11.374055164930196,17.641650641025638,0.6447273782012123,Northeast
3rd_imdc_nus_nus-cerm,21,3,7.819999999999999,16.4,0.4768292682926829,Northeast
3rd_imdc_nus_nus-cerm,21,4,8.18,17.33,0.47201384881708025,Northeast
3rd_imdc_nus_nus-cerm,22,1,26.5602012432056,27.82386485042735,0.9545834622898429,Northeast
3rd_imdc_nus_nus-cerm,22,2,12.17121236371391,15.967385149572648,0.7622545739143557,Northeast
3rd_imdc_nus_nus-cerm,22,3,6.21,12.8,0.48515624999999996,Northeast
3rd_imdc_nus_nus-cerm,22,4,6.4399999999999995,13.09,0.4919786096256684,Northeast
3rd_imdc_nus_nus-cerm,23,1,163.521266178402,140.29559561965806,1.1655481090205342,Northeast
3rd_imdc_nus_nus-cerm,23,2,43.51342085832351,126.20604700854696,0.3447807921230326,Northeast
3rd_imdc_nus_nus-cerm,23,3,36.12,103.28,0.34972889233152593,Northeast
3rd_imdc_nus_nus-cerm,23,4,31.68,89.28,0.3548387096774194,Northeast
3rd_imdc_nus_nus-cerm,24,1,61.01838804885925,45.279564636752134,1.347592198343099,Northeast
3rd_imdc_nus_nus-cerm,24,2,25.29939617247447,40.434692841880334,0.6256853804085426,Northeast
3rd_imdc_nus_nus-cerm,24,3,21.529999999999998,33.58,0.641155449672424,Northeast
3rd_imdc_nus_nus-cerm,24,4,20.190000000000005,31.309999999999995,0.6448419035451934,Northeast
3rd_imdc_nus_nus-cerm,25,1,55.54708038003303,41.23153044871795,1.3471990919454266,Northeast
3rd_imdc_nus_nus-cerm,25,2,16.10771968927572,34.44782585470085,0.46759757080801695,Northeast
3rd_imdc_nus_nus-cerm,25,3,15.07,37.85,0.39815059445178336,Northeast
3rd_imdc_nus_nus-cerm,25,4,11.959999999999999,35.49,0.33699633699633696,Northeast
3rd_imdc_nus_nus-cerm,26,1,95.43232801231672,75.02412660256407,1.2720218459571533,Northeast
3rd_imdc_nus_nus-cerm,26,2,29.60782705739825,60.17247061965809,0.4920493832560948,Northeast
3rd_imdc_nus_nus-cerm,26,3,36.42,55.45,0.6568079350766456,Northeast
3rd_imdc_nus_nus-cerm,26,4,33.09,43.14,0.767037552155772,Northeast
3rd_imdc_nus_nus-cerm,27,1,85.55688575689692,20.10319711538461,4.255884537461049,Northeast
3rd_imdc_nus_nus-cerm,27,2,9.58216455880024,21.29944711538461,0.44987855820346784,Northeast
3rd_imdc_nus_nus-cerm,27,3,32.02,28.32,1.1306497175141244,Northeast
3rd_imdc_nus_nus-cerm,27,4,14.550000000000002,15.83,0.9191408717624765,Northeast
3rd_imdc_nus_nus-cerm,28,1,11.78238950324134,31.08233974358972,0.37907022445668,Northeast
3rd_imdc_nus_nus-cerm,28,2,11.277506945300464,25.080961538461523,0.4496441226149351,Northeast
3rd_imdc_nus_nus-cerm,28,3,8.02,18.95,0.42321899736147756,Northeast
3rd_imdc_nus_nus-cerm,28,4,10.129999999999999,11.64,0.870274914089347,Northeast
3rd_imdc_nus_nus-cerm,29,1,71.305125028648,106.22404647435891,0.6712710294449207,Northeast
3rd_imdc_nus_nus-cerm,29,2,107.54417654442226,137.6355021367521,0.7813694495593756,Northeast
3rd_imdc_nus_nus-cerm,29,3,84.53999999999999,159.66,0.529500187899286,Northeast
3rd_imdc_nus_nus-cerm,29,4,58.15,132.83,0.43777761047956026,Northeast
3rd_imdc_nus_nus-cerm,31,1,1513.405225905091,1449.2163888888897,1.0442920998605423,Southeast
3rd_imdc_nus_nus-cerm,31,2,1253.3149860891888,2524.9519898504286,0.4963718087025614,Southeast
3rd_imdc_nus_nus-cerm,31,3,257.72,173.3608306623931,1.4866103203086856,Southeast
3rd_imdc_nus_nus-cerm,31,4,97.53999999999999,185.14000000000001,0.526844550070217,Southeast
3rd_imdc_nus_nus-cerm,33,1,61.11815539536413,104.80596955128202,0.5831552883584437,Southeast
3rd_imdc_nus_nus-cerm,33,2,50.04280659025262,94.03602297008544,0.5321663444462357,Southeast
3rd_imdc_nus_nus-cerm,33,3,71.49,74.43,0.9604997984683594,Southeast
3rd_imdc_nus_nus-cerm,33,4,42.4,73.45,0.5772634445200816,Southeast
3rd_imdc_nus_nus-cerm,35,1,29.84593202983632,18.247096688034183,1.63565374481784,Southeast
3rd_imdc_nus_nus-cerm,35,2,76.2055130919229,132.5978445512821,0.574711552437419,Southeast
3rd_imdc_nus_nus-cerm,35,3,80.65,107.33,0.7514208515792417,Southeast
3rd_imdc_nus_nus-cerm,35,4,61.86999999999999,18.96,3.263185654008438,Southeast
3rd_imdc_nus_nus-cerm,41,1,30.12565739836187,44.32837072649573,0.6796021803787008,South
3rd_imdc_nus_nus-cerm,41,2,14.293071202548854,6.376666666666667,2.2414643809538193,South
3rd_imdc_nus_nus-cerm,41,3,80.76,111.86,0.7219738959413553,South
3rd_imdc_nus_nus-cerm,41,4,22.3,7.7700000000000005,2.8700128700128698,South
3rd_imdc_nus_nus-cerm,42,1,5.07159600381828,2.3384855769230763,2.1687523129782846,South
3rd_imdc_nus_nus-cerm,42,2,5.282221127531869,2.9439262820512826,1.7942776487770267,South
3rd_imdc_nus_nus-cerm,42,3,8.28,8.2296233974359,1.0061213739841115,South
3rd_imdc_nus_nus-cerm,42,4,6.21,2.42,2.566115702479339,South
3rd_imdc_nus_nus-cerm,43,1,5.573398253846614,1.3393402777777772,4.1613011617137,South
3rd_imdc_nus_nus-cerm,43,2,6.017018998948464,2.460520833333333,2.4454249350114416,South
3rd_imdc_nus_nus-cerm,43,3,6.78,4.06,1.6699507389162564,South
3rd_imdc_nus_nus-cerm,43,4,6.72,1.8900000000000001,3.5555555555555554,South
3rd_imdc_nus_nus-cerm,50,1,81.3605146192867,95.30024038461536,0.8537283252479707,Midwest
3rd_imdc_nus_nus-cerm,50,2,19.01105547932055,23.25311965811965,0.8175701049507207,Midwest
3rd_imdc_nus_nus-cerm,50,3,159.12,196.14,0.8112572652187214,Midwest
3rd_imdc_nus_nus-cerm,50,4,114.27,218.64000000000001,0.5226399560922063,Midwest
3rd_imdc_nus_nus-cerm,51,1,7.401165752255413,10.278603098290592,0.7200556030309491,Midwest
3rd_imdc_nus_nus-cerm,51,2,319.4441710472827,303.4515731837608,1.0527023066505483,Midwest
3rd_imdc_nus_nus-cerm,51,3,419.53,817.98,0.512885400621042,Midwest
3rd_imdc_nus_nus-cerm,51,4,66.91,47.24,1.416384419983065,Midwest
3rd_imdc_nus_nus-cerm,52,1,13.253967618083664,17.61483707264957,0.7524320300789499,Midwest
3rd_imdc_nus_nus-cerm,52,2,144.082471178218,175.59336271367528,0.8205462265288503,Midwest
3rd_imdc_nus_nus-cerm,52,3,28.31,13.5,2.097037037037037,Midwest
3rd_imdc_nus_nus-cerm,52,4,174.07999999999998,189.57,0.9182887587698475,Midwest
3rd_imdc_nus_nus-cerm,53,1,4.228270213943321,4.718066239316237,0.896187124018865,Midwest
3rd_imdc_nus_nus-cerm,53,2,3.5771403978014127,2.9785416666666658,1.2009704070397136,Midwest
3rd_imdc_nus_nus-cerm,53,3,3.06,1.91,1.6020942408376964,Midwest
3rd_imdc_nus_nus-cerm,53,4,3.1800000000000006,2.7600000000000002,1.1521739130434785,Midwest
3rd_imdc_procc_bb_model,11,1,1.2252003205128204,1.2252003205128204,1.0,North
3rd_imdc_procc_bb_model,11,2,1.865080128205128,1.865080128205128,1.0,North
3rd_imdc_procc_bb_model,11,3,80.32,80.32,1.0,North
3rd_imdc_procc_bb_model,11,4,10.39,10.39,1.0,North
3rd_imdc_procc_bb_model,12,1,1.1599759615384615,1.1599759615384615,1.0,North
3rd_imdc_procc_bb_model,12,2,2.002743055555555,2.002743055555555,1.0,North
3rd_imdc_procc_bb_model,12,3,1.47,1.47,1.0,North
3rd_imdc_procc_bb_model,12,4,1.4099999999999997,1.4099999999999997,1.0,North
3rd_imdc_procc_bb_model,13,1,1.7717414529914524,1.7717414529914524,1.0,North
3rd_imdc_procc_bb_model,13,2,1.3039369658119653,1.3039369658119653,1.0,North
3rd_imdc_procc_bb_model,13,3,1.17,1.17,1.0,North
3rd_imdc_procc_bb_model,13,4,1.13,1.13,1.0,North
3rd_imdc_procc_bb_model,14,1,1.317954059829059,1.317954059829059,1.0,North
3rd_imdc_procc_bb_model,14,2,1.242126068376068,1.242126068376068,1.0,North
3rd_imdc_procc_bb_model,14,3,1.09,1.09,1.0,North
3rd_imdc_procc_bb_model,14,4,0.8000000000000002,0.8000000000000002,1.0,North
3rd_imdc_procc_bb_model,15,1,23.79004006410256,23.79004006410256,1.0,North
3rd_imdc_procc_bb_model,15,2,15.003442841880336,15.003442841880336,1.0,North
3rd_imdc_procc_bb_model,15,3,14.24,14.24,1.0,North
3rd_imdc_procc_bb_model,15,4,13.24,13.24,1.0,North
3rd_imdc_procc_bb_model,16,1,0.888827457264957,0.888827457264957,1.0,North
3rd_imdc_procc_bb_model,16,2,2.3766025641025643,2.3766025641025643,1.0,North
3rd_imdc_procc_bb_model,16,3,0.8499999999999999,0.8499999999999999,1.0,North
3rd_imdc_procc_bb_model,16,4,0.84,0.84,1.0,North
3rd_imdc_procc_bb_model,17,1,52.92321581196583,52.92321581196583,1.0,North
3rd_imdc_procc_bb_model,17,2,8.458453525641023,8.458453525641023,1.0,North
3rd_imdc_procc_bb_model,17,3,6.950000000000001,6.950000000000001,1.0,North
3rd_imdc_procc_bb_model,17,4,7.13,7.13,1.0,North
3rd_imdc_procc_bb_model,21,1,20.113413461538457,20.113413461538457,1.0,Northeast
3rd_imdc_procc_bb_model,21,2,17.641650641025638,17.641650641025638,1.0,Northeast
3rd_imdc_procc_bb_model,21,3,16.4,16.4,1.0,Northeast
3rd_imdc_procc_bb_model,21,4,17.33,17.33,1.0,Northeast
3rd_imdc_procc_bb_model,22,1,27.82386485042735,27.82386485042735,1.0,Northeast
3rd_imdc_procc_bb_model,22,2,15.967385149572648,15.967385149572648,1.0,Northeast
3rd_imdc_procc_bb_model,22,3,12.8,12.8,1.0,Northeast
3rd_imdc_procc_bb_model,22,4,13.09,13.09,1.0,Northeast
3rd_imdc_procc_bb_model,23,1,140.29559561965806,140.29559561965806,1.0,Northeast
3rd_imdc_procc_bb_model,23,2,126.20604700854696,126.20604700854696,1.0,Northeast
3rd_imdc_procc_bb_model,23,3,103.28,103.28,1.0,Northeast
3rd_imdc_procc_bb_model,23,4,89.28,89.28,1.0,Northeast
3rd_imdc_procc_bb_model,24,1,45.279564636752134,45.279564636752134,1.0,Northeast
3rd_imdc_procc_bb_model,24,2,40.434692841880334,40.434692841880334,1.0,Northeast
3rd_imdc_procc_bb_model,24,3,33.58,33.58,1.0,Northeast
3rd_imdc_procc_bb_model,24,4,31.309999999999995,31.309999999999995,1.0,Northeast
3rd_imdc_procc_bb_model,25,1,41.23153044871795,41.23153044871795,1.0,Northeast
3rd_imdc_procc_bb_model,25,2,34.44782585470085,34.44782585470085,1.0,Northeast
3rd_imdc_procc_bb_model,25,3,37.85,37.85,1.0,Northeast
3rd_imdc_procc_bb_model,25,4,35.49,35.49,1.0,Northeast
3rd_imdc_procc_bb_model,26,1,75.02412660256407,75.02412660256407,1.0,Northeast
3rd_imdc_procc_bb_model,26,2,60.17247061965809,60.17247061965809,1.0,Northeast
3rd_imdc_procc_bb_model,26,3,55.45,55.45,1.0,Northeast
3rd_imdc_procc_bb_model,26,4,43.14,43.14,1.0,Northeast
3rd_imdc_procc_bb_model,27,1,20.10319711538461,20.10319711538461,1.0,Northeast
3rd_imdc_procc_bb_model,27,2,21.29944711538461,21.29944711538461,1.0,Northeast
3rd_imdc_procc_bb_model,27,3,28.32,28.32,1.0,Northeast
3rd_imdc_procc_bb_model,27,4,15.83,15.83,1.0,Northeast
3rd_imdc_procc_bb_model,28,1,31.08233974358972,31.08233974358972,1.0,Northeast
3rd_imdc_procc_bb_model,28,2,25.080961538461523,25.080961538461523,1.0,Northeast
3rd_imdc_procc_bb_model,28,3,18.95,18.95,1.0,Northeast
3rd_imdc_procc_bb_model,28,4,11.64,11.64,1.0,Northeast
3rd_imdc_procc_bb_model,29,1,106.22404647435891,106.22404647435891,1.0,Northeast
3rd_imdc_procc_bb_model,29,2,137.6355021367521,137.6355021367521,1.0,Northeast
3rd_imdc_procc_bb_model,29,3,159.66,159.66,1.0,Northeast
3rd_imdc_procc_bb_model,29,4,132.83,132.83,1.0,Northeast
3rd_imdc_procc_bb_model,31,1,1449.2163888888897,1449.2163888888897,1.0,Southeast
3rd_imdc_procc_bb_model,31,2,2524.9519898504286,2524.9519898504286,1.0,Southeast
3rd_imdc_procc_bb_model,31,3,173.3608306623931,173.3608306623931,1.0,Southeast
3rd_imdc_procc_bb_model,31,4,185.14000000000001,185.14000000000001,1.0,Southeast
3rd_imdc_procc_bb_model,32,2,7.515512820512811,7.515512820512811,1.0,Southeast
3rd_imdc_procc_bb_model,32,3,30.21,30.21,1.0,Southeast
3rd_imdc_procc_bb_model,32,4,6.45,6.45,1.0,Southeast
3rd_imdc_procc_bb_model,33,1,104.80596955128202,104.80596955128202,1.0,Southeast
3rd_imdc_procc_bb_model,33,2,94.03602297008544,94.03602297008544,1.0,Southeast
3rd_imdc_procc_bb_model,33,3,74.43,74.43,1.0,Southeast
3rd_imdc_procc_bb_model,33,4,73.45,73.45,1.0,Southeast
3rd_imdc_procc_bb_model,35,1,18.247096688034183,18.247096688034183,1.0,Southeast
3rd_imdc_procc_bb_model,35,2,132.5978445512821,132.5978445512821,1.0,Southeast
3rd_imdc_procc_bb_model,35,3,107.33,107.33,1.0,Southeast
3rd_imdc_procc_bb_model,35,4,18.96,18.96,1.0,Southeast
3rd_imdc_procc_bb_model,41,1,44.32837072649573,44.32837072649573,1.0,South
3rd_imdc_procc_bb_model,41,2,6.376666666666667,6.376666666666667,1.0,South
3rd_imdc_procc_bb_model,41,3,111.86,111.86,1.0,South
3rd_imdc_procc_bb_model,41,4,7.7700000000000005,7.7700000000000005,1.0,South
3rd_imdc_procc_bb_model,42,1,2.3384855769230763,2.3384855769230763,1.0,South
3rd_imdc_procc_bb_model,42,2,2.9439262820512826,2.9439262820512826,1.0,South
3rd_imdc_procc_bb_model,42,3,8.2296233974359,8.2296233974359,1.0,South
3rd_imdc_procc_bb_model,42,4,2.42,2.42,1.0,South
3rd_imdc_procc_bb_model,43,1,1.3393402777777772,1.3393402777777772,1.0,South
3rd_imdc_procc_bb_model,43,2,2.460520833333333,2.460520833333333,1.0,South
3rd_imdc_procc_bb_model,43,3,4.06,4.06,1.0,South
3rd_imdc_procc_bb_model,43,4,1.8900000000000001,1.8900000000000001,1.0,South
3rd_imdc_procc_bb_model,50,1,95.30024038461536,95.30024038461536,1.0,Midwest
3rd_imdc_procc_bb_model,50,2,23.25311965811965,23.25311965811965,1.0,Midwest
3rd_imdc_procc_bb_model,50,3,196.14,196.14,1.0,Midwest
3rd_imdc_procc_bb_model,50,4,218.64000000000001,218.64000000000001,1.0,Midwest
3rd_imdc_procc_bb_model,51,1,10.278603098290592,10.278603098290592,1.0,Midwest
3rd_imdc_procc_bb_model,51,2,303.4515731837608,303.4515731837608,1.0,Midwest
3rd_imdc_procc_bb_model,51,3,817.98,817.98,1.0,Midwest
3rd_imdc_procc_bb_model,51,4,47.24,47.24,1.0,Midwest
3rd_imdc_procc_bb_model,52,1,17.61483707264957,17.61483707264957,1.0,Midwest
3rd_imdc_procc_bb_model,52,2,175.59336271367528,175.59336271367528,1.0,Midwest
3rd_imdc_procc_bb_model,52,3,13.5,13.5,1.0,Midwest
3rd_imdc_procc_bb_model,52,4,189.57,189.57,1.0,Midwest
3rd_imdc_procc_bb_model,53,1,4.718066239316237,4.718066239316237,1.0,Midwest
3rd_imdc_procc_bb_model,53,2,2.9785416666666658,2.9785416666666658,1.0,Midwest
3rd_imdc_procc_bb_model,53,3,1.91,1.91,1.0,Midwest
3rd_imdc_procc_bb_model,53,4,2.7600000000000002,2.7600000000000002,1.0,Midwest
3rd_imdc_purdue_neuralearth,11,1,1.0126801964967145,1.2252003205128204,0.8265425494443608,North
3rd_imdc_purdue_neuralearth,11,2,2.944004802619359,1.865080128205128,1.5784870355422966,North
3rd_imdc_purdue_neuralearth,11,3,82.94415307008661,80.32,1.032671228462234,North
3rd_imdc_purdue_neuralearth,11,4,10.050000000000002,10.39,0.9672762271414824,North
3rd_imdc_purdue_neuralearth,12,1,0.7710093030826587,1.1599759615384615,0.6646769662882314,North
3rd_imdc_purdue_neuralearth,12,2,2.331399423360588,2.002743055555555,1.1641031119260903,North
3rd_imdc_purdue_neuralearth,12,3,1.4,1.47,0.9523809523809523,North
3rd_imdc_purdue_neuralearth,12,4,1.06,1.4099999999999997,0.7517730496453903,North
3rd_imdc_purdue_neuralearth,13,1,2.3898612569108044,1.7717414529914524,1.348876978001335,North
3rd_imdc_purdue_neuralearth,13,2,1.4379716673489062,1.3039369658119653,1.1027923166926072,North
3rd_imdc_purdue_neuralearth,13,3,1.23,1.17,1.0512820512820513,North
3rd_imdc_purdue_neuralearth,13,4,1.3699999999999999,1.13,1.2123893805309736,North
3rd_imdc_purdue_neuralearth,14,1,0.6258311271610846,1.317954059829059,0.4748504870057883,North
3rd_imdc_purdue_neuralearth,14,2,0.58912313328469,1.242126068376068,0.4742861037083767,North
3rd_imdc_purdue_neuralearth,14,3,0.52,1.09,0.4770642201834862,North
3rd_imdc_purdue_neuralearth,14,4,0.66,0.8000000000000002,0.8249999999999998,North
3rd_imdc_purdue_neuralearth,15,1,4.84788778252473,23.79004006410256,0.20377804196470609,North
3rd_imdc_purdue_neuralearth,15,2,7.04009026546513,15.003442841880336,0.4692316516722116,North
3rd_imdc_purdue_neuralearth,15,3,6.22,14.24,0.43679775280898875,North
3rd_imdc_purdue_neuralearth,15,4,6.17,13.24,0.466012084592145,North
3rd_imdc_purdue_neuralearth,16,1,0.4563287420111596,0.888827457264957,0.5134053165001734,North
3rd_imdc_purdue_neuralearth,16,2,3.266257346844697,2.3766025641025643,1.3743388971214368,North
3rd_imdc_purdue_neuralearth,16,3,0.6158558886921087,0.8499999999999999,0.7245363396377751,North
3rd_imdc_purdue_neuralearth,16,4,0.61,0.84,0.7261904761904762,North
3rd_imdc_purdue_neuralearth,17,1,63.46383852689376,52.92321581196583,1.1991682204720582,North
3rd_imdc_purdue_neuralearth,17,2,5.068712238020138,8.458453525641023,0.5992481040009032,North
3rd_imdc_purdue_neuralearth,17,3,4.26,6.950000000000001,0.6129496402877697,North
3rd_imdc_purdue_neuralearth,17,4,6.4799999999999995,7.13,0.908835904628331,North
3rd_imdc_purdue_neuralearth,21,1,15.426965198059271,20.113413461538457,0.7669988601168684,Northeast
3rd_imdc_purdue_neuralearth,21,2,17.848164286209514,17.641650641025638,1.0117060273659217,Northeast
3rd_imdc_purdue_neuralearth,21,3,4.56,16.4,0.2780487804878049,Northeast
3rd_imdc_purdue_neuralearth,21,4,11.15,17.33,0.643392960184651,Northeast
3rd_imdc_purdue_neuralearth,22,1,33.49865029672868,27.82386485042735,1.2039538891094839,Northeast
3rd_imdc_purdue_neuralearth,22,2,19.98873706313283,15.967385149572648,1.2518478683823702,Northeast
3rd_imdc_purdue_neuralearth,22,3,6.120873174651729,12.8,0.4781932167696663,Northeast
3rd_imdc_purdue_neuralearth,22,4,13.51,13.09,1.032085561497326,Northeast
3rd_imdc_purdue_neuralearth,23,1,27.70310608650048,140.29559561965806,0.1974624075983377,Northeast
3rd_imdc_purdue_neuralearth,23,2,53.64639573475423,126.20604700854696,0.42506993132524923,Northeast
3rd_imdc_purdue_neuralearth,23,3,31.949999999999996,103.28,0.3093532145623547,Northeast
3rd_imdc_purdue_neuralearth,23,4,37.46,89.28,0.419578853046595,Northeast
3rd_imdc_purdue_neuralearth,24,1,23.05022164749642,45.279564636752134,0.5090645599712151,Northeast
3rd_imdc_purdue_neuralearth,24,2,31.479241430851683,40.434692841880334,0.7785206024428354,Northeast
3rd_imdc_purdue_neuralearth,24,3,20.36,33.58,0.6063132817153067,Northeast
3rd_imdc_purdue_neuralearth,24,4,24.240000000000002,31.309999999999995,0.774193548387097,Northeast
3rd_imdc_purdue_neuralearth,25,1,12.230922526732076,41.23153044871795,0.296640032364173,Northeast
3rd_imdc_purdue_neuralearth,25,2,19.851215036983213,34.44782585470085,0.5762690255319628,Northeast
3rd_imdc_purdue_neuralearth,25,3,17.44,37.85,0.46076618229854693,Northeast
3rd_imdc_purdue_neuralearth,25,4,14.68,35.49,0.41363764440687517,Northeast
3rd_imdc_purdue_neuralearth,26,1,29.704649244857947,75.02412660256407,0.39593462250106015,Northeast
3rd_imdc_purdue_neuralearth,26,2,29.2974892680993,60.17247061965809,0.4868919119722489,Northeast
3rd_imdc_purdue_neuralearth,26,3,61.11,55.45,1.102073940486925,Northeast
3rd_imdc_purdue_neuralearth,26,4,25.73,43.14,0.596430227167362,Northeast
3rd_imdc_purdue_neuralearth,27,1,12.422048300544557,20.10319711538461,0.6179140675608353,Northeast
3rd_imdc_purdue_neuralearth,27,2,8.916547080236679,21.29944711538461,0.4186281001536537,Northeast
3rd_imdc_purdue_neuralearth,27,3,32.59,28.32,1.1507768361581923,Northeast
3rd_imdc_purdue_neuralearth,27,4,17.48,15.83,1.104232469993683,Northeast
3rd_imdc_purdue_neuralearth,28,1,11.419882862674788,31.08233974358972,0.3674074396226871,Northeast
3rd_imdc_purdue_neuralearth,28,2,15.313322201906072,25.080961538461523,0.6105556271605924,Northeast
3rd_imdc_purdue_neuralearth,28,3,4.43,18.95,0.2337730870712401,Northeast
3rd_imdc_purdue_neuralearth,28,4,4.13,11.64,0.35481099656357384,Northeast
3rd_imdc_purdue_neuralearth,29,1,88.24519391862427,106.22404647435891,0.8307459266290095,Northeast
3rd_imdc_purdue_neuralearth,29,2,104.91030893075195,137.6355021367521,0.7622329072226945,Northeast
3rd_imdc_purdue_neuralearth,29,3,52.08,159.66,0.32619316046599023,Northeast
3rd_imdc_purdue_neuralearth,29,4,59.28,132.83,0.44628472483625686,Northeast
3rd_imdc_purdue_neuralearth,31,1,1556.196228392064,1449.2163888888897,1.0738190930791196,Southeast
3rd_imdc_purdue_neuralearth,31,2,2275.3368566568747,2524.9519898504286,0.9011406418035138,Southeast
3rd_imdc_purdue_neuralearth,31,3,85.79999999999998,173.3608306623931,0.49492148642901285,Southeast
3rd_imdc_purdue_neuralearth,31,4,151.13,185.14000000000001,0.8163011774873068,Southeast
3rd_imdc_purdue_neuralearth,33,1,31.711698872707363,104.80596955128202,0.302575311391883,Southeast
3rd_imdc_purdue_neuralearth,33,2,23.02597124780632,94.03602297008544,0.24486330366322806,Southeast
3rd_imdc_purdue_neuralearth,33,3,24.38,74.43,0.32755609297326344,Southeast
3rd_imdc_purdue_neuralearth,33,4,23.73,73.45,0.3230769230769231,Southeast
3rd_imdc_purdue_neuralearth,35,1,55.290389267397735,18.247096688034183,3.030092414847304,Southeast
3rd_imdc_purdue_neuralearth,35,2,136.31157603082028,132.5978445512821,1.0280074800016972,Southeast
3rd_imdc_purdue_neuralearth,35,3,77.19,107.33,0.7191838255846454,Southeast
3rd_imdc_purdue_neuralearth,35,4,96.89,18.96,5.110232067510548,Southeast
3rd_imdc_purdue_neuralearth,41,1,38.4782377430909,44.32837072649573,0.8680273403347054,South
3rd_imdc_purdue_neuralearth,41,2,6.816257391105139,6.376666666666667,1.0689373849093264,South
3rd_imdc_purdue_neuralearth,41,3,94.88000000000001,111.86,0.8482031110316468,South
3rd_imdc_purdue_neuralearth,41,4,13.56,7.7700000000000005,1.7451737451737452,South
3rd_imdc_purdue_neuralearth,42,1,3.1183610564967164,2.3384855769230763,1.3334959545056428,South
3rd_imdc_purdue_neuralearth,42,2,2.671187453998777,2.9439262820512826,0.9073554152101712,South
3rd_imdc_purdue_neuralearth,42,3,8.48,8.2296233974359,1.030423822631071,South
3rd_imdc_purdue_neuralearth,42,4,3.27,2.42,1.3512396694214877,South
3rd_imdc_purdue_neuralearth,43,1,2.833155595502052,1.3393402777777772,2.115336664258915,South
3rd_imdc_purdue_neuralearth,43,2,1.833055490310684,2.460520833333333,0.7449867790094649,South
3rd_imdc_purdue_neuralearth,43,3,4.01,4.06,0.9876847290640395,South
3rd_imdc_purdue_neuralearth,43,4,3.29,1.8900000000000001,1.7407407407407407,South
3rd_imdc_purdue_neuralearth,50,1,81.82297601607016,95.30024038461536,0.8585810034250356,Midwest
3rd_imdc_purdue_neuralearth,50,2,21.012126480104573,23.25311965811965,0.9036261279792385,Midwest
3rd_imdc_purdue_neuralearth,50,3,179.84,196.14,0.9168960946262874,Midwest
3rd_imdc_purdue_neuralearth,50,4,255.4,218.64000000000001,1.168130259787779,Midwest
3rd_imdc_purdue_neuralearth,51,1,2.654817033227993,10.278603098290592,0.25828578142778064,Midwest
3rd_imdc_purdue_neuralearth,51,2,344.6455842247477,303.4515731837608,1.1357515158309663,Midwest
3rd_imdc_purdue_neuralearth,51,3,935.1800000000001,817.98,1.1432797867918532,Midwest
3rd_imdc_purdue_neuralearth,51,4,15.300000000000002,47.24,0.3238780694326842,Midwest
3rd_imdc_purdue_neuralearth,52,1,15.054776353304524,17.61483707264957,0.854664524639854,Midwest
3rd_imdc_purdue_neuralearth,52,2,109.17402152664188,175.59336271367528,0.621743440864917,Midwest
3rd_imdc_purdue_neuralearth,52,3,15.78,13.5,1.1688888888888889,Midwest
3rd_imdc_purdue_neuralearth,52,4,103.84999999999998,189.57,0.5478187476921453,Midwest
3rd_imdc_purdue_neuralearth,53,1,4.468246131389842,4.718066239316237,0.9470503178093149,Midwest
3rd_imdc_purdue_neuralearth,53,2,3.975426293548268,2.9785416666666658,1.3346888304561582,Midwest
3rd_imdc_purdue_neuralearth,53,3,2.36,1.91,1.2356020942408377,Midwest
3rd_imdc_purdue_neuralearth,53,4,3.06,2.7600000000000002,1.1086956521739129,Midwest
DS-OKSTATE-2026,11,1,0.7717089694740868,1.2252003205128204,0.6298635060355519,North
DS-OKSTATE-2026,11,2,2.804709935101322,1.865080128205128,1.5038013073467535,North
DS-OKSTATE-2026,11,3,86.13000000000001,80.32,1.072335657370518,North
DS-OKSTATE-2026,11,4,17.87,10.39,1.7199230028873917,North
DS-OKSTATE-2026,12,1,1.1493937002555186,1.1599759615384615,0.9908771719123318,North
DS-OKSTATE-2026,12,2,2.752673256460773,2.002743055555555,1.3744515297780873,North
DS-OKSTATE-2026,12,3,1.77,1.47,1.2040816326530612,North
DS-OKSTATE-2026,12,4,1.96,1.4099999999999997,1.3900709219858158,North
DS-OKSTATE-2026,13,1,2.717743416059795,1.7717414529914524,1.5339390583603998,North
DS-OKSTATE-2026,13,2,1.382875356802612,1.3039369658119653,1.0605385022898646,North
DS-OKSTATE-2026,13,3,1.15,1.17,0.9829059829059829,North
DS-OKSTATE-2026,13,4,1.03,1.13,0.9115044247787611,North
DS-OKSTATE-2026,14,1,4.027987728135442,1.317954059829059,3.0562428926072576,North
DS-OKSTATE-2026,14,2,3.835234626933586,1.242126068376068,3.087637176754288,North
DS-OKSTATE-2026,14,3,3.87,1.09,3.55045871559633,North
DS-OKSTATE-2026,14,4,1.27,0.8000000000000002,1.5874999999999997,North
DS-OKSTATE-2026,15,1,37.17325228469026,23.79004006410256,1.5625552619720886,North
DS-OKSTATE-2026,15,2,24.960246227247016,15.003442841880336,1.6636345730976787,North
DS-OKSTATE-2026,15,3,28.19,14.24,1.9796348314606742,North
DS-OKSTATE-2026,15,4,34.92,13.24,2.6374622356495467,North
DS-OKSTATE-2026,16,1,2.116172870141832,0.888827457264957,2.3808590214501066,North
DS-OKSTATE-2026,16,2,2.893757046501782,2.3766025641025643,1.2176024255004125,North
DS-OKSTATE-2026,16,3,1.3599999999999999,0.8499999999999999,1.6,North
DS-OKSTATE-2026,16,4,1.75,0.84,2.0833333333333335,North
DS-OKSTATE-2026,17,1,80.52009536631597,52.92321581196583,1.5214512975250938,North
DS-OKSTATE-2026,17,2,9.7073098222983,8.458453525641023,1.1476459370346463,North
DS-OKSTATE-2026,17,3,15.78,6.950000000000001,2.2705035971223015,North
DS-OKSTATE-2026,17,4,14.32,7.13,2.0084151472650773,North
DS-OKSTATE-2026,21,1,18.92167681585403,20.113413461538457,0.9407491598597472,Northeast
DS-OKSTATE-2026,21,2,18.50308266765236,17.641650641025638,1.0488294459603154,Northeast
DS-OKSTATE-2026,21,3,25.82,16.4,1.574390243902439,Northeast
DS-OKSTATE-2026,21,4,42.6,17.33,2.458165031736873,Northeast
DS-OKSTATE-2026,22,1,39.11043286461296,27.82386485042735,1.4056434314520565,Northeast
DS-OKSTATE-2026,22,2,22.28523983766977,15.967385149572648,1.395672467903501,Northeast
DS-OKSTATE-2026,22,3,30.42,12.8,2.3765625,Northeast
DS-OKSTATE-2026,22,4,31.149999999999995,13.09,2.3796791443850265,Northeast
DS-OKSTATE-2026,23,1,276.6910039684175,140.29559561965806,1.972200215882243,Northeast
DS-OKSTATE-2026,23,2,345.7219778695429,126.20604700854696,2.7393455865560057,Northeast
DS-OKSTATE-2026,23,3,340.94,103.28,3.301123160340821,Northeast
DS-OKSTATE-2026,23,4,354.37,89.28,3.9691980286738353,Northeast
DS-OKSTATE-2026,24,1,96.29810720537346,45.279564636752134,2.1267454309225187,Northeast
DS-OKSTATE-2026,24,2,80.45903878872261,40.434692841880334,1.989851613399347,Northeast
DS-OKSTATE-2026,24,3,81.31,33.58,2.421381774865992,Northeast
DS-OKSTATE-2026,24,4,99.13,31.309999999999995,3.166081124241457,Northeast
DS-OKSTATE-2026,25,1,56.13318268383479,41.23153044871795,1.3614139973205917,Northeast
DS-OKSTATE-2026,25,2,64.08246532107583,34.44782585470085,1.8602760473584705,Northeast
DS-OKSTATE-2026,25,3,70.34,37.85,1.8583883751651256,Northeast
DS-OKSTATE-2026,25,4,75.37,35.49,2.123696816004508,Northeast
DS-OKSTATE-2026,26,1,137.41013325428304,75.02412660256407,1.8315459236494043,Northeast
DS-OKSTATE-2026,26,2,108.88452615590715,60.17247061965809,1.8095405595716896,Northeast
DS-OKSTATE-2026,26,3,124.57,55.45,2.246528403967538,Northeast
DS-OKSTATE-2026,26,4,114.37,43.14,2.651135836810385,Northeast
DS-OKSTATE-2026,27,1,26.607614927623217,20.10319711538461,1.3235514119921201,Northeast
DS-OKSTATE-2026,27,2,50.17192778745304,21.29944711538461,2.3555507105728495,Northeast
DS-OKSTATE-2026,27,3,58.05,28.32,2.04978813559322,Northeast
DS-OKSTATE-2026,27,4,25.71,15.83,1.624131396083386,Northeast
DS-OKSTATE-2026,28,1,16.34149978235302,31.08233974358972,0.5257487022264216,Northeast
DS-OKSTATE-2026,28,2,32.996782093151985,25.080961538461523,1.3156107289806889,Northeast
DS-OKSTATE-2026,28,3,40.519999999999996,18.95,2.138258575197889,Northeast
DS-OKSTATE-2026,28,4,32.58,11.64,2.7989690721649483,Northeast
DS-OKSTATE-2026,29,1,69.44441914630202,106.22404647435891,0.6537542246902164,Northeast
DS-OKSTATE-2026,29,2,170.30517301198282,137.6355021367521,1.2373636915479171,Northeast
DS-OKSTATE-2026,29,3,278.69,159.66,1.7455217336840787,Northeast
DS-OKSTATE-2026,29,4,251.68,132.83,1.894752691410073,Northeast
DS-OKSTATE-2026,31,1,1786.952098342254,1449.2163888888897,1.2330471225986517,Southeast
DS-OKSTATE-2026,31,2,3224.982612818826,2524.9519898504286,1.2772451221972998,Southeast
DS-OKSTATE-2026,31,3,185.67000000000002,173.3608306623931,1.0710031746535529,Southeast
DS-OKSTATE-2026,31,4,308.15,185.14000000000001,1.6644161175326777,Southeast
DS-OKSTATE-2026,32,1,11.75591986047987,,,Southeast
DS-OKSTATE-2026,32,2,5.8145434796414905,7.515512820512811,0.7736722188499631,Southeast
DS-OKSTATE-2026,32,3,48.68,30.21,1.6113869579609401,Southeast
DS-OKSTATE-2026,32,4,8.86,6.45,1.3736434108527131,Southeast
DS-OKSTATE-2026,33,1,246.1021632512725,104.80596955128202,2.348169329523292,Southeast
DS-OKSTATE-2026,33,2,163.2023893711093,94.03602297008544,1.735530536239574,Southeast
DS-OKSTATE-2026,33,3,199.14,74.43,2.6755340588472385,Southeast
DS-OKSTATE-2026,33,4,180.14291725478947,73.45,2.4525924745376373,Southeast
DS-OKSTATE-2026,35,1,20.77780793545429,18.247096688034183,1.138691173214403,Southeast
DS-OKSTATE-2026,35,2,185.1123250080609,132.5978445512821,1.3960432436476664,Southeast
DS-OKSTATE-2026,35,3,132.04,107.33,1.2302245411348178,Southeast
DS-OKSTATE-2026,35,4,38.87723112227587,18.96,2.050486873537757,Southeast
DS-OKSTATE-2026,41,1,52.64292559622349,44.32837072649573,1.1875673464524161,South
DS-OKSTATE-2026,41,2,13.36495797423357,6.376666666666667,2.0959160440512656,South
DS-OKSTATE-2026,41,3,132.78,111.86,1.1870194886465224,South
DS-OKSTATE-2026,41,4,18.62,7.7700000000000005,2.3963963963963963,South
DS-OKSTATE-2026,42,1,3.412404239811691,2.3384855769230763,1.4592368126989481,South
DS-OKSTATE-2026,42,2,5.167464570087859,2.9439262820512826,1.755296863781266,South
DS-OKSTATE-2026,42,3,13.870000000000001,8.2296233974359,1.685374813666622,South
DS-OKSTATE-2026,42,4,2.88,2.42,1.1900826446280992,South
DS-OKSTATE-2026,43,1,1.8323533347899164,1.3393402777777772,1.3681014191779124,South
DS-OKSTATE-2026,43,2,4.922193519617733,2.460520833333333,2.000468133793245,South
DS-OKSTATE-2026,43,3,7.85,4.06,1.933497536945813,South
DS-OKSTATE-2026,43,4,1.3599999999999999,1.8900000000000001,0.7195767195767194,South
DS-OKSTATE-2026,50,1,101.11914763586508,95.30024038461536,1.061058683879134,Midwest
DS-OKSTATE-2026,50,2,36.371312423393775,23.25311965811965,1.5641476480637917,Midwest
DS-OKSTATE-2026,50,3,226.67000000000002,196.14,1.1556541246048742,Midwest
DS-OKSTATE-2026,50,4,302.72,218.64000000000001,1.3845590925722648,Midwest
DS-OKSTATE-2026,51,1,29.91570691855893,10.278603098290592,2.9104837138359914,Midwest
DS-OKSTATE-2026,51,2,347.7584089370331,303.4515731837608,1.1460095767123983,Midwest
DS-OKSTATE-2026,51,3,945.12,817.98,1.1554316731460428,Midwest
DS-OKSTATE-2026,51,4,167.5,47.24,3.5457239627434376,Midwest
DS-OKSTATE-2026,52,1,35.81589527807958,17.61483707264957,2.033279963383292,Midwest
DS-OKSTATE-2026,52,2,221.306614828104,175.59336271367528,1.2603358772106286,Midwest
DS-OKSTATE-2026,52,3,16.53,13.5,1.2244444444444444,Midwest
DS-OKSTATE-2026,52,4,258.26,189.57,1.3623463628211214,Midwest
DS-OKSTATE-2026,53,1,10.670804753706506,4.718066239316237,2.261690322358205,Midwest
DS-OKSTATE-2026,53,2,4.645722969650467,2.9785416666666658,1.5597307305254422,Midwest
DS-OKSTATE-2026,53,3,2.6000000000000005,1.91,1.3612565445026181,Midwest
DS-OKSTATE-2026,53,4,3.96,2.7600000000000002,1.434782608695652,Midwest
